"PrÌjmy a ˙hrady zo zdravotnÈho poistenia v tis. EUR, tis. Sk"

" ";"1996Q1";"1996Q2";"1996Q3";"1996Q4";"1997Q1";"1997Q2";"1997Q3";"1997Q4";"1998Q1";"1998Q2";"1998Q3";"1998Q4";"1999Q1";"1999Q2";"1999Q3";"1999Q4";"2000Q1";"2000Q2";"2000Q3";"2000Q4";"2001Q1";"2001Q2";"2001Q3";"2001Q4";"2002Q1";"2002Q2";"2002Q3";"2002Q4";"2003Q1";"2003Q2";"2003Q3";"2003Q4";"2004Q1";"2004Q2";"2004Q3";"2004Q4";"2005Q1";"2005Q2";"2005Q3";"2005Q4";"2006Q1";"2006Q2";"2006Q3";"2006Q4";"2007Q1";"2007Q2";"2007Q3";"2007Q4";"2008Q1";"2008Q2";"2008Q3";"2008Q4";"2009Q1";"2009Q2";"2009Q3";"2009Q4";"2010Q1";"2010Q2";"2010Q3";"2010Q4";"2011Q1";"2011Q2";"2011Q3";"2011Q4";"2012Q1";"2012Q2";"2012Q3";"2012Q4";"2013Q1";"2013Q2";"2013Q3";"2013Q4";"2014Q1";"2014Q2";"2014Q3";"2014Q4";"2015Q1";"2015Q2";"2015Q3";"2015Q4";"2016Q1";"2016Q2"
"PrÌjmy z v˝beru poistnÈho spolu"
"  tis. EUR";"268 690,33";"275 289,78";"293 174,00";"305 917,05";"294 386,61";"305 525,59";"324 801,07";"347 341,47";"318 131,88";"325 405,63";"332 162,19";"342 607,98";"318 177,59";"334 438,16";"341 379,90";"379 364,97";"362 706,30";"364 686,85";"350 659,90";"378 949,31";"373 314,74";"389 127,56";"413 255,86";"424 670,62";"445 986,95";"440 093,01";"452 497,31";"461 463,55";"461 445,66";"467 958,21";"482 482,17";"521 340,24";"488 294,13";"501 275,31";"504 313,02";"559 616,88";"540 251,11";"615 579,70";"588 087,83";"613 547,57";"602 120,20";"629 461,63";"660 781,19";"695 042,12";"716 085,61";"706 929,13";"712 895,84";"765 691,63";"770 353,98";"790 684,19";"817 376,95";"884 565,62";"800 221";"837 911";"840 883";"883 961";"843 674";"869 274";"873 290";"917 211";"862 592";"878 436";"887 665";"932 985";"881 417";"888 755";"923 053";"1 023 995";"894 521";"944 027";"957 882";"1 016 652";"941 925";"965 963";"972 638";"1 039 404";"982 325";"1 001 058";"1 014 693";"1 156 705";"1 025 072";"1 074 496"
"  tis. Sk";"8 094 565";"8 293 380";"8 832 160";"9 216 057";"8 868 691";"9 204 264";"9 784 957";"10 464 009";"9 584 041";"9 803 170";"10 006 718";"10 321 408";"9 585 418";"10 075 284";"10 284 411";"11 428 749";"10 926 890";"10 986 556";"10 563 980";"11 416 227";"11 246 480";"11 722 857";"12 449 746";"12 793 627";"13 435 803";"13 258 242";"13 631 934";"13 902 051";"13 901 512";"14 097 709";"14 535 258";"15 705 896";"14 710 349";"15 101 420";"15 192 934";"16 859 018";"16 275 605";"18 544 954";"17 716 734";"18 483 734";"18 139 473";"18 963 161";"19 906 694";"20 938 839";"21 572 795";"21 296 947";"21 476 700";"23 067 226";"23 207 684";"23 820 152";"24 624 298";"26 648 424";"24 107 458";"25 242 907";"25 332 441";"26 630 209";"25 416 523";"26 187 749";"26 308 735";"27 631 899";"25 986 447";"26 463 763";"26 741 796";"28 107 106";"26 553 569";"26 774 633";"27 807 895";"30 848 873";"26 948 340";"28 439 757";"28 857 153";"30 627 658";"28 376 433";"29 100 601";"29 301 692";"31 313 085";"29 593 523";"30 157 873";"30 568 641";"34 846 895";"30 881 319";"32 370 266"
"PoistnÈ od zamestnancov"
"  tis. EUR";"41 541,96";"47 859,69";"52 498,04";"56 202,48";"52 824,01";"57 178,95";"60 790,81";"66 044,08";"65 385,68";"59 231,39";"62 392,62";"62 747,36";"57 143,50";"60 041,49";"61 655,91";"70 016,03";"65 135,20";"63 801,53";"66 261,70";"76 079,76";"69 145,79";"73 732,82";"80 410,34";"81 990,54";"83 172,87";"80 941,58";"85 158,47";"97 951,74";"84 097,66";"87 190,50";"90 352,05";"98 155,28";"88 403,11";"92 472,12";"94 056,10";"106 411,60";"93 129,29";"109 704,44";"105 895,44";"117 761,14";"104 308,21";"110 744,11";"119 517,13";"128 618,47";"116 126,67";"123 611,07";"129 317,04";"143 522,90";"131 766,48";"139 227,11";"144 601,08";"165 313,09";"132 310";"145 429";"140 259";"150 572";"136 192";"139 389";"141 035";"153 115";"137 340";"144 852";"148 257";"161 311";"142 735";"148 941";"152 791";"165 545";"144 976";"161 463";"166 760";"179 585";"162 823";"171 381";"174 777";"189 490";"166 107";"175 453";"181 336";"198 117";"174 408";"190 092"
"  tis. Sk";"1 251 493";"1 441 821";"1 581 556";"1 693 156";"1 591 376";"1 722 573";"1 831 384";"1 989 644";"1 969 809";"1 784 405";"1 879 640";"1 890 327";"1 721 505";"1 808 810";"1 857 446";"2 109 303";"1 962 263";"1 922 085";"1 996 200";"2 291 979";"2 083 086";"2 221 275";"2 422 442";"2 470 047";"2 505 666";"2 438 446";"2 565 484";"2 950 894";"2 533 526";"2 626 701";"2 721 946";"2 957 026";"2 663 232";"2 785 815";"2 833 534";"3 205 756";"2 805 613";"3 304 956";"3 190 206";"3 547 672";"3 142 389";"3 336 277";"3 600 573";"3 874 760";"3 498 432";"3 723 907";"3 895 805";"4 323 771";"3 969 597";"4 194 356";"4 356 252";"4 980 222";"3 985 971";"4 381 194";"4 225 443";"4 536 132";"4 102 920";"4 199 233";"4 248 820";"4 612 742";"4 137 505";"4 363 811";"4 466 390";"4 859 655";"4 300 035";"4 486 997";"4 602 982";"4 987 209";"4 367 547";"4 864 234";"5 023 812";"5 410 178";"4 905 206";"5 163 024";"5 265 332";"5 708 576";"5 004 139";"5 285 697";"5 462 928";"5 968 473";"5 254 215";"5 726 712"
"PoistnÈ od zamestn·vateæov"
"  tis. EUR";"128 768,24";"129 070,21";"141 483,47";"151 353,28";"140 757,65";"147 595,20";"163 876,05";"178 200,09";"148 796,02";"161 355,67";"166 130,82";"172 766,78";"151 564,23";"160 803,09";"166 470,16";"181 956,95";"175 353,85";"170 701,55";"178 510,69";"205 000,00";"177 890,16";"187 803,29";"204 357,30";"212 221,77";"213 490,94";"209 887,41";"219 013,31";"253 530,94";"213 148,24";"219 501,66";"227 177,19";"248 644,06";"222 015,63";"232 800,87";"237 200,03";"268 217,82";"237 810,93";"276 439,29";"266 751,21";"295 496,05";"262 720,71";"278 624,34";"300 471,39";"320 386,64";"290 493,66";"308 961,43";"323 487,72";"363 369,65";"334 637,66";"348 059,32";"361 490,44";"413 273,88";"330 770";"344 677";"350 636";"376 649";"340 480";"348 468";"352 582";"382 965";"343 390";"362 128";"370 640";"403 502";"356 837";"372 350";"381 974";"413 859";"362 439";"403 656";"416 899";"448 959";"407 054";"428 448";"436 942";"473 721";"415 265";"438 629";"453 336";"495 289";"436 016";"475 229"
"  tis. Sk";"3 879 272";"3 888 369";"4 262 331";"4 559 669";"4 240 465";"4 446 453";"4 936 930";"5 368 456";"4 482 629";"4 861 001";"5 004 857";"5 204 772";"4 566 024";"4 844 354";"5 015 080";"5 481 635";"5 282 710";"5 142 555";"5 377 813";"6 175 830";"5 359 119";"5 657 762";"6 156 468";"6 393 393";"6 431 628";"6 323 068";"6 597 995";"7 637 873";"6 421 304";"6 612 707";"6 843 940";"7 490 651";"6 688 443";"7 013 359";"7 145 888";"8 080 330";"7 164 292";"8 328 010";"8 036 147";"8 902 114";"7 914 724";"8 393 837";"9 052 001";"9 651 968";"8 751 412";"9 307 772";"9 745 391";"10 946 874";"10 081 294";"10 485 635";"10 890 261";"12 450 289";"9 964 777";"10 383 739";"10 563 260";"11 346 928";"10 257 300";"10 497 947";"10 621 885";"11 537 204";"10 344 967";"10 909 468";"11 165 901";"12 155 901";"10 750 071";"11 217 416";"11 507 349";"12 467 916";"10 918 837";"12 160 541";"12 559 499";"13 525 339";"12 262 909";"12 907 424";"13 163 315";"14 271 319";"12 510 273";"13 214 137";"13 657 200";"14 921 076";"13 135 418";"14 316 749"
"PoistnÈ od SZ»O a spolupracuj˙cich osÙb"
"  tis. EUR";"9 271,19";"8 907,52";"10 395,04";"9 767,21";"10 460,07";"10 771,03";"11 312,16";"12 583,52";"10 255,36";"10 721,07";"10 550,22";"13 357,90";"10 950,77";"11 387,17";"11 202,58";"12 392,58";"10 926,21";"11 569,31";"11 697,34";"13 320,62";"11 648,44";"12 076,05";"12 995,65";"14 518,72";"13 005,11";"13 790,91";"14 714,63";"15 575,58";"14 333,50";"15 054,37";"16 145,49";"17 030,07";"15 873,00";"16 356,74";"16 741,35";"19 391,22";"26 712,37";"29 468,73";"33 689,80";"28 317,50";"34 869,75";"36 761,93";"38 994,16";"38 246,56";"39 090,92";"40 618,97";"40 757,15";"42 525,53";"35 292,70";"38 999,17";"49 434,71";"37 447,52";"28 182";"32 552";"34 192";"39 039";"32 084";"28 867";"29 265";"34 566";"31 081";"35 487";"35 478";"38 071";"32 441";"34 322";"34 353";"37 460";"33 665";"39 311";"40 689";"44 998";"40 528";"43 948";"44 395";"47 489";"41 941";"45 460";"46 033";"48 527";"43 126";"48 266"
"  tis. Sk";"279 304";"268 348";"313 161";"294 247";"315 120";"324 488";"340 790";"379 091";"308 953";"322 983";"317 836";"402 420";"329 903";"343 050";"337 489";"373 339";"329 163";"348 537";"352 394";"401 297";"350 921";"363 803";"391 507";"437 391";"391 792";"415 465";"443 293";"469 230";"431 811";"453 528";"486 399";"513 048";"478 190";"492 763";"504 350";"584 180";"804 737";"887 775";"1 014 939";"853 093";"1 050 486";"1 107 490";"1 174 738";"1 152 216";"1 177 653";"1 223 687";"1 227 850";"1 281 124";"1 063 228";"1 174 889";"1 489 270";"1 128 144";"849 011";"980 662";"1 030 068";"1 176 089";"966 563";"869 647";"881 637";"1 041 335";"936 346";"1 069 081";"1 068 810";"1 146 927";"977 318";"1 033 985";"1 034 918";"1 128 520";"1 014 192";"1 184 283";"1 225 797";"1 355 610";"1 220 947";"1 323 977";"1 337 444";"1 430 654";"1 263 515";"1 369 528";"1 386 790";"1 461 924";"1 299 214";"1 454 062"
"PoistnÈ od ostatn˝ch platiteæov"
"  tis. EUR";"320,12";"381,80";"589,39";"542,85";"656,61";"837,85";"815,08";"836,92";"2 483,77";"2 866,36";"2 242,91";"2 119,83";"2 089,36";"1 964,62";"2 332,14";"2 223,63";"2 226,08";"2 148,94";"2 339,14";"2 619,30";"1 399,95";"2 593,77";"2 873,50";"3 095,63";"2 998,87";"2 876,85";"3 160,59";"3 306,65";"3 547,33";"5 930,53";"6 275,91";"7 441,78";"7 062,04";"7 999,40";"7 647,28";"8 643,63";"5 311,59";"4 370,68";"-";"5 458,47";"6 179,25";"6 482,04";"7 073,29";"8 123,08";"9 046,94";"6 418,64";"6 661,75";"7 274,28";"6 124,24";"6 088,86";"6 010,29";"8 957,41";"7 243";"9 155";"8 683";"9 333";"8 123";"10 624";"10 630";"9 630";"11 937";"14 742";"15 986";"17 420";"12 806";"13 437";"14 958";"16 937";"12 138";"12 660";"13 382";"12 383";"10 643";"13 582";"14 207";"15 035";"11 042";"15 087";"15 445";"16 528";"14 086";"18 194"
"  tis. Sk";"9 644";"11 502";"17 756";"16 354";"19 781";"25 241";"24 555";"25 213";"74 826";"86 352";"67 570";"63 862";"62 944";"59 186";"70 258";"66 989";"67 063";"64 739";"70 469";"78 909";"42 175";"78 140";"86 567";"93 259";"90 344";"86 668";"95 216";"99 616";"106 867";"178 663";"189 068";"224 191";"212 751";"240 990";"230 382";"260 398";"160 017";"131 671";"20 030";"164 442";"186 156";"195 278";"213 090";"244 716";"272 548";"193 368";"200 692";"219 145";"184 500";"183 433";"181 066";"269 851";"218 203";"275 804";"261 584";"281 166";"244 713";"320 059";"320 239";"290 113";"359 614";"444 117";"481 594";"524 795";"385 794";"404 803";"450 625";"510 244";"365 669";"381 395";"403 146";"373 050";"320 631";"409 171";"428 000";"452 944";"332 651";"454 511";"465 296";"497 923";"424 355";"548 112"
"OstatnÈ platby"
"  tis. EUR";"86,40";"109,74";"61,31";"87,37";"32,66";"30,21";"13,91";"21,44";"14,54";"12,71";"8,70";"1 030,24";"4 237,37";"2 940,82";"997,98";"2 091,85";"11 908,55";"965,31";"1 313,91";"1 541,13";"1 199,89";"1 145,29";"1 448,18";"1 685,69";"1 450,31";"1 746,10";"1 884,72";"1 870,18";"2 719,64";"1 636,46";"2 158,37";"1 935,31";"1 469,66";"1 684,79";"1 671,28";"4 045,34";"2 008,80";"20 364,47";"5 900,68";"3 141,54";"1 273,62";"5 273,65";"4 692,72";"5 721,97";"2 144,13";"6 878,71";"6 208,36";"9 133,04";"11 670,28";"8 378,01";"6 642,34";"12 109,44";"11 854";"15 699";"16 272";"17 186";"6 125";"21 257";"18 096";"17 154";"39 614";"21 773";"15 216";"13 002";"32 076";"15 181";"9 453";"6 329";"26 928";"14 181";"8 962";"5 905";"20 635";"9 612";"5 853";"4 666";"32 428";"12 297";"8 000";"6 034";"24 197";"10 616"
"  tis. Sk";"2 603";"3 306";"1 847";"2 632";"984";"910";"419";"646";"438";"383";"262";"31 037";"127 655";"88 595";"30 065";"63 019";"358 757";"29 081";"39 583";"46 428";"36 148";"34 503";"43 628";"50 783";"43 692";"52 603";"56 779";"56 341";"81 932";"49 300";"65 023";"58 303";"44 275";"50 756";"50 349";"121 870";"60 517";"613 500";"177 764";"94 642";"38 369";"158 874";"141 373";"172 380";"64 594";"207 228";"187 033";"275142";"351 579";"252 396";"200 107";"364 809";"357 114";"472 948";"490 210";"517 745";"184 522";"640 388";"545 160";"516 781";"1 193 411";"655 933";"458 397";"391 698";"966 322";"457 343";"284 781";"190 667";"811 233";"427 217";"269 989";"177 894";"621 650";"289 571";"176 327";"140 568";"976 926";"370 459";"241 008";"181 780";"728 959";"319 818"
"PoistnÈ hradenÈ öt·tom"
"  tis. EUR";"85 655,25";"86 629,09";"85 305,09";"85 034,22";"86 138,22";"86 251,64";"85 444,27";"86 745,30";"87 134,04";"86 999,77";"87 305,35";"87 146,39";"87 146,39";"92 165,97";"94 112,49";"105 958,67";"91 530,87";"110 395,94";"86 814,61";"77 382,16";"108 209,69";"108 209,69";"108 209,69";"108 209,69";"126 647,65";"126 279,63";"124 760,24";"128 903,11";"133 226,32";"128 098,72";"132 092,48";"139 487,78";"149 866,06";"149 866,06";"146 920,04";"152 812,09";"175 278,13";"175 232,09";"175 185,82";"163 372,87";"192 768,67";"191 575,55";"190 032,50";"193 945,40";"259 183,30";"220 440,32";"206 463,82";"199 866,23";"250 862,58";"249 931,72";"249 198,10";"247 464,28";"289 862";"290 399";"290 841";"291 182";"320 670";"320 669";"321 682";"319 781";"299 230";"299 454";"302 088";"299 679";"304 522";"304 524";"329 524";"383 865";"314 375";"312 756";"311 190";"324 822";"300 242";"298 992";"296 464";"309 003";"315 542";"314 132";"310 543";"392 210";"333 239";"332 099"
"  tis. Sk";"2 580 450";"2 609 788";"2 569 901";"2 561 741";"2 595 000";"2 598 417";"2 574 094";"2 613 289";"2 625 000";"2 620 955";"2 630 161";"2 625 372";"2 625 372";"2 776 592";"2 835 233";"3 192 111";"2 757 459";"3 325 788";"2 615 377";"2 331 215";"3 259 925";"3 259 925";"3 259 925";"3 259 925";"3 815 387";"3 804 300";"3 758 527";"3 883 335";"4 013 576";"3 859 102";"3 979 418";"4 202 209";"4 514 865";"4 514 865";"4 426 113";"4 603 617";"5 280 429";"5 279 042";"5 277 648";"4 921 771";"5 807 349";"5 771 405";"5 724 919";"5 842 799";"7 808 156";"6 640 985";"6 219 929";"6 021 170";"7 557 486";"7 529 443";"7 507 342";"7 455 109";"8 732 383";"8 748 560";"8 761 876";"8 772 149";"9 660 504";"9 660 474";"9 690 992";"9 633 722";"9 014 603";"9 021 351";"9 100 703";"9 028 130";"9 174 030";"9 174 090";"9 927 240";"11 564 317";"9 470 861";"9 422 087";"9 374 910";"9 785 588";"9 045 090";"9 007 433";"8 931 274";"9 309 024";"9 506 018";"9 463 541";"9 355 418";"11 815 718";"10 039 158";"10 004 814"
"PoistnÈ hradenÈ z N·rodnÈho ˙radu pr·ce"
"  tis. EUR";"3 047,17";"2 331,74";"2 841,67";"2 929,63";"3 517,39";"2 860,72";"2 548,80";"2 910,11";"4 062,47";"4 218,65";"3 531,57";"3 439,49";"5 045,97";"5 135,00";"4 608,64";"4 725,25";"5 625,54";"5 104,26";"3 722,50";"3 006,34";"3 820,82";"3 566,65";"2 961,20";"2 948,58";"5 221,20";"4 570,54";"3 805,35";"3 767,97";"5 189,90";"4 400,02";"3 678,58";"3 908,95";"-";"-";"-";"-";"-";"-";"-";"-";"-";"-";"-";"-";"-";"-";"-";"-";"-";"-";"-";"-";"-";"-";"-";"-";"-";"-";"-";"-";"-";"-";"-";"-";"-";"-";"-";"-";"-";"-";"-";"-";"-";"-";"-";"-";"-";"-";"-";"-";"-";"-"
"  tis. Sk";"91 799";"70 246";"85 608";"88 258";"105 965";"86 182";"76 785";"87 670";"122 386";"127 091";"106 392";"103 618";"152 015";"154 697";"138 840";"142 353";"169 475";"153 771";"112 144";"90 569";"115 106";"107 449";"89 209";"88 829";"157 294";"137 692";"114 640";"113 514";"156 351";"132 555";"110 821";"117 761";"-";"-";"-";"-";"-";"-";"-";"-";"-";"-";"-";"-";"-";"-";"-";"-";"-";"-";"-";"-";"-";"-";"-";"-";"-";"-";"-";"-";"-";"-";"-";"-";"-";"-";"-";"-";"-";"-";"-";"-";"-";"-";"-";"-";"-";"-";"-";"-";"-";"-"
"PoistnÈ hradenÈ zo Soci·lnej poisùovne"
"  tis. EUR";"-";"-";"-";"-";"-";"-";"-";"-";"-";"-";"-";"-";"-";"-";"-";"-";"-";"-";"-";"-";"-";"-";"-";"-";"-";"-";"-";"-";"5 095,60";"6 055,23";"4 541,89";"4 660,49";"3 520,68";"-";"-";"-";"-";"-";"-";"-";"-";"-";"-";"-";"-";"-";"-";"-";"-";"-";"-";"-";"-";"-";"-";"-";"-";"-";"-";"-";"-";"-";"-";"-";"-";"-";"-";"-";"-";"-";"-";"-";"-";"-";"-";"-";"-";"-";"-";"-";"-";"-"
"  tis. Sk";"-";"-";"-";"-";"-";"-";"-";"-";"-";"-";"-";"-";"-";"-";"-";"-";"-";"-";"-";"-";"-";"-";"-";"-";"-";"-";"-";"-";"153 510";"182 420";"136 829";"140 402";"106 064";"-";"-";"-";"-";"-";"-";"-";"-";"-";"-";"-";"-";"-";"-";"-";"-";"-";"-";"-";"-";"-";"-";"-";"-";"-";"-";"-";"-";"-";"-";"-";"-";"-";"-";"-";"-";"-";"-";"-";"-";"-";"-";"-";"-";"-";"-";"-";"-";"-"
"PoistnÈ hradenÈ od org·nov podæa osobitnÈho predpisu"
"  tis. EUR";"-";"-";"-";"-";"-";"-";"-";"-";"-";"-";"-";"-";"-";"-";"-";"-";"-";"-";"-";"-";"-";"-";"-";"-";"-";"-";"-";"-";"87,47";"90,72";"60,21";"76,51";"83,95";"95,33";"76,94";"95,17";"-";"-";"-";"-";"-";"-";"-";"-";"-";"-";"-";"-";"-";"-";"-";"-";"-";"-";"-";"-";"-";"-";"-";"-";"-";"-";"-";"-";"-";"-";"-";"-";"-";"-";"-";"-";"-";"-";"-";"-";"-";"-";"-";"-";"-";"-"
"  tis. Sk";"-";"-";"-";"-";"-";"-";"-";"-";"-";"-";"-";"-";"-";"-";"-";"-";"-";"-";"-";"-";"-";"-";"-";"-";"-";"-";"-";"-";"2 635";"2 733";"1 814";"2 305";"2 529";"2 872";"2 318";"2 867";"-";"-";"-";"-";"-";"-";"-";"-";"-";"-";"-";"-";"-";"-";"-";"-";"-";"-";"-";"-";"-";"-";"-";"-";"-";"-";"-";"-";"-";"-";"-";"-";"-";"-";"-";"-";"-";"-";"-";"-";"-";"-";"-";"-";"-";"-"
"⁄hrady za zdravotn˙ starostlivosù spolu"
"  tis. EUR";"250 614,45";"292 777,07";"285 808,17";"304 006,31";"278 829,18";"309 413,73";"302 361,05";"318 642,47";"307 498,51";"321 219,88";"329 557,72";"360 308,44";"317 149,87";"346 784,07";"353 875,79";"403 219,28";"333 240,59";"344 391,52";"343 900,25";"391 072,16";"370 167,23";"354 942,94";"410 776,47";"402 111,70";"426 488,95";"422 240,36";"469 719,48";"455 472,81";"444 417,35";"442 644,96";"415 468,83";"626 172,71";"468 699,00";"478 893,08";"483 227,01";"546 824,24";"475 137,46";"544 535,68";"566 754,66";"590 633,07";"588 056,99";"567 251,58";"594 631,58";"671 740,89";"649 538,21";"661 624,21";"704 521,61";"727 686,52";"758 911,60";"769 933,81";"778 455,32";"841 554,21";"749 625";"821 479";"804 461";"899 184";"801 686";"835 281";"850 674";"880 443";"833 343";"829 478";"827 949";"861 679";"862 302";"855 497";"870 265";"917 390";"896 890";"897 727";"905 167";"946 040";"927 339";"982 228";"957 465";"989 147";"951 705";"1 007 059";"989 056";"1 027 971";"1 048 476";"1 071 979"
"  tis. Sk";"7 550 011";"8 820 202";"8 610 257";"9 158 494";"8 400 008";"9 321 398";"9 108 929";"9 599 423";"9 263 700";"9 677 070";"9 928 256";"10 854 652";"9 554 457";"10 447 217";"10 660 862";"12 147 384";"10 039 206";"10 375 139";"10 360 339";"11 781 440";"11 151 658";"10 693 011";"12 375 052";"12 114 017";"12 848 406";"12 720 413";"14 150 769";"13 721 574";"13 388 517";"13 335 122";"12 516 414";"18 864 079";"14 120 026";"14 427 133";"14 557 697";"16 473 627";"14 313 991";"16 404 682";"17 074 051";"17 793 412";"17 715 805";"17 089 021";"17 913 871";"20 236 866";"19 567 988";"19 932 091";"21 224 418";"21 922 284";"22 862 971";"23 195 026";"23 451 745";"25 352 662";"22 583 203";"24 747 876";"24 235 192";"27 088 817";"24 151 592";"25 163 675";"25 627 405";"26 524 226";"25 105 291";"24 988 854";"24 942 792";"25 958 942";"25 977 710";"25 772 703";"26 217 603";"27 637 291";"27 019 708";"27 044 924";"27 269 061";"28 500 401";"27 937 015";"29 590 601";"28 844 591";"29 799 043";"28 671 065";"30 338 659";"29 796 301";"30 968 654";"31 586 388";"32 294 439"
"⁄hrady za ambulantn˙ prim·rnu zdravotn˙ starostlivosù"
"  tis. EUR";"78 112,43";"87 506,87";"95 443,34";"107 371,47";"43 654,98";"35 280,19";"39 811,36";"45 076,88";"34 749,65";"39 640,68";"34 697,07";"41 181,31";"33 682,60";"37 342,06";"41 966,44";"40 312,79";"41 614,82";"39 130,98";"40 230,43";"42 209,12";"41 739,93";"42 555,60";"42 738,63";"43 400,92";"45 559,28";"46 558,79";"46 220,77";"46 556,99";"47 243,84";"46 683,60";"43 976,10";"49 710,25";"47 109,04";"46 626,37";"46 703,25";"46 215,53";"23 446,79";"26 048,56";"26 284,11";"25 199,40";"23 147,81";"23 228,54";"23 233,09";"27 346,01";"33 068,74";"26 085,51";"30 831,04";"31 736,71";"30 976,00";"32 246,50";"33 060,21";"34 510,12";"30 350";"34 963";"33 629";"37 280";"32 824";"33 537";"33 751";"35 448";"33 533";"32 991";"33 533";"34 347";"35 862";"37 795";"40 101";"44 329";"41 926";"39 865";"39 749";"40 715";"41 731";"41 139";"41 933";"41 919";"44 163";"43 769";"42 587";"46 127";"53 485";"52 268"
"  tis. Sk";"2 353 215";"2 636 232";"2 875 326";"3 234 673";"1 315 150";"1 062 851";"1 199 357";"1 357 986";"1 046 868";"1 194 215";"1 045 284";"1 240 628";"1 014 722";"1 124 967";"1 264 281";"1 214 463";"1 253 688";"1 178 860";"1 211 982";"1 271 592";"1 257 457";"1 282 030";"1 287 544";"1 307 496";"1 372 519";"1 402 630";"1 392 447";"1 402 576";"1 423 268";"1 406 390";"1 324 824";"1 497 571";"1 419 207";"1 404 666";"1 406 982";"1 392 289";"706 358";"784 739";"791 835";"759 157";"697 351";"699 783";"699 920";"823 826";"996 229";"785 852";"928 816";"956 100";"933 183";"971 458";"995 972";"1 039 652";"914 324";"1 053 295";"1 013 107";"1 123 097";"988 856";"1 010 336";"1 016 783";"1 067 906";"1 010 215";"993 887";"1 010 215";"1 034 738";"1 080 379";"1 138 612";"1 208 083";"1 335 455";"1 263 063";"1 200 973";"1 197 478";"1 226 580";"1 257 188";"1 239 354";"1 263 274";"1 262 852";"1 330 455";"1 318 585";"1 282 976";"1 389 622";"1 611 289";"1 574 626"
"⁄hrady za ambulantn˙ zdravotn˙ öpecializovan˙ starostlivosù"
"  tis. EUR";".";".";".";".";"24 821,98";"20 807,57";"28 586,90";"31 550,92";"21 776,74";"29 799,41";"27 317,63";"35 316,11";"14 647,02";"14 136,29";"17 771,83";"23 492,70";"21 237,97";"21 386,61";"21 442,01";"22 424,28";"23 780,69";"23 471,75";"23 198,47";"23 181,64";"24 704,14";"25 137,95";"24 694,42";"22 246,70";"25 461,26";"27 189,30";"25 144,79";"30 475,54";"29 688,57";"31 072,16";"33 800,84";"34 125,14";"50 190,17";"62 628,63";"60 608,58";"64 634,20";"68 190,70";"65 766,12";"71 186,55";"83 361,85";"84 624,15";"85 891,29";"92 969,86";"98 678,52";"104 935,40";"106 539,77";"103 250,35";"119 377,65";"98 241";"103 684";"102 492";"114 583";"110 877";"105 504";"105 105";"110 150";"116 041";"113 818";"109 739";"114 932";"123 990";"117 867";"119 886";"128 547";"131 391";"124 635";"123 246";"125 454";"129 210";"116 889";"116 138";"118 114";"126 210";"122 117";"117 955";"124 060";"149 266";"139 083"
"  tis. Sk";".";".";".";".";"747 787";"626 849";"861 209";"950 503";"656 046";"897 737";"822 971";"1 063 933";"441 256";"425 870";"535 394";"707 741";"639 815";"644 293";"645 962";"675 554";"716 417";"707 110";"698 877";"698 370";"744 237";"757 306";"743 944";"670 204";"767 046";"819 105";"757 512";"918 106";"894 398";"936 080";"1 018 284";"1 028 054";"1 512 029";"1 886 750";"1 825 894";"1 947 170";"2 054 313";"1 981 270";"2 144 566";"2 511 359";"2 549 387";"2 587 561";"2 800 810";"2 972 789";"3 161 284";"3 209 617";"3 110 520";"3 596 371";"2 959 608";"3 123 584";"3 087 674";"3 451 927";"3 340 281";"3 178 414";"3 166 393";"3 318 379";"3 495 851";"3 428 881";"3 305 997";"3 462 441";"3 735 323";"3 550 861";"3 611 686";"3 872 607";"3 958 285";"3 754 754";"3 712 909";"3 779 427";"3 892 580";"3 521 398";"3 498 773";"3 558 302";"3 802 202";"3 678 897";"3 553 512";"3 737 432";"4 496 788";"4 190 014"
"⁄hrady za spoloËnÈ vyöetrovacie a lieËebnÈ zloûky"
"  tis. EUR";".";".";".";".";"22 384,12";"22 457,51";"28 049,59";"33 542,29";"20 624,34";"32 817,57";"32 129,22";"53 431,22";"6 634,93";"6 348,20";"8 311,72";"18 158,00";"14 812,32";"14 455,85";"17 972,65";"20 398,59";"19 386,84";"20 457,18";"14 080,10";"13 645,09";"15 743,84";"14 625,07";"15 766,75";"7 903,07";"9 571,07";"10 593,67";"10 236,44";"13 449,11";"12 036,78";"13 028,68";"19 054,54";"20 139,48";"18 214,80";"23 306,38";"24 298,81";"29 070,34";"25 460,60";"27 631,91";"26 113,69";"28 743,98";"28 044,48";"33 982,41";"31 131,81";"33 130,88";"36 696,87";"38 885,17";"39 129,99";"46 534,16";"38 780";"44 674";"45 252";"49 255";"50 963";"52 127";"53 016";"53 168";"51 010";"52 530";"49 225";"58 293";"56 570";"60 666";"57 689";"60 950";"63 913";"64 099";"62 970";"67 291";"60 894";"61 214";"50 392";"60 408";"51 977";"62 684";"53 851";"61 936";"79 318";"91 663"
"  tis. Sk";".";".";".";".";"674 344";"676 555";"845 022";"1 010 495";"621 329";"988 662";"967 925";"1 609 669";"199 884";"191 246";"250 399";"547 028";"446 236";"435 497";"541 444";"614 528";"584 048";"616 293";"424 177";"411 072";"474 299";"440 595";"474 989";"238 088";"288 338";"319 145";"308 383";"405 168";"362 620";"392 502";"574 037";"606 722";"548 739";"702 128";"732 026";"875 773";"767 026";"832 439";"786 701";"865 941";"844 868";"1 023 754";"937 877";"998 101";"1 105 530";"1 170 852";"1 178 830";"1 401 888";"1 168 286";"1 345 849";"1 363 262";"1 483 856";"1 535 311";"1 570 378";"1 597 160";"1 601 739";"1 536 727";"1 582 519";"1 482 952";"1 756 135";"1 704 228";"1 827 624";"1 737 939";"1 836 180";"1 925 443";"1 931 046";"1 897 034";"2 027 209";"1 834 493";"1 844 133";"1 518 109";"1 819 851";"1 565 859";"1 888 418";"1 622 315";"1 865 884";"2 389 534";"2 761 440"
"⁄hrady za lieËiv· na recepty"
"  tis. EUR";"61 738,93";"64 579,17";"67 771,43";"79 020,78";"76 346,41";"89 482,01";"79 097,39";"80 627,60";"79 719,78";"94 810,79";"94 166,97";"97 574,82";"91 670,52";"98 042,16";"104 311,03";"121 460,23";"103 576,45";"107 052,98";"115 357,20";"141 071,90";"124 795,66";"119 954,13";"131 624,01";"141 321,62";"162 502,32";"150 513,84";"172 828,72";"168 889,66";"163 101,94";"162 357,93";"139 416,68";"286 880,20";"171 578,17";"165 557,69";"167 154,09";"222 144,03";"200 933,98";"192 856,87";"204 247,23";"211 619,60";"224 129,26";"208 917,02";"208 519,22";"244 166,70";"224 376,12";"200 572,10";"218 062,47";"242 622,85";"247 635,63";"253 428,73";"254 818,63";"265 065,23";"242 762";"252 370";"247 108";"288 921";"263 096";"256 935";"269 475";"285 973";"260 226";"246 703";"248 764";"254 147";"252 499";"235 889";"237 270";"233 685";"233 982";"237 515";"245 713";"251 631";"248 501";"251 420";"256 385";"259 100";"266 479";"255 308";"253 924";"252 835";"280 484";"257 361"
"  tis. Sk";"1 859 947";"1 945 512";"2 041 682";"2 380 580";"2 300 012";"2 695 735";"2 382 888";"2 428 987";"2 401 638";"2 856 270";"2 836 874";"2 939 539";"2 761 666";"2 953 618";"3 142 474";"3 659 111";"3 120 344";"3 225 078";"3 475 251";"4 249 932";"3 759 594";"3 613 738";"3 965 305";"4 257 455";"4 895 545";"4 534 380";"5 206 638";"5 087 970";"4 913 609";"4 891 195";"4 200 067";"8 642 553";"5 168 964";"4 987 591";"5 035 684";"6 692 311";"6 053 337";"5 810 006";"6 153 152";"6 375 252";"6 752 118";"6 293 834";"6 281 850";"7 355 766";"6 759 555";"6 042 435";"6 569 350";"7 309 256";"7 460 271";"7 634 794";"7 676 666";"7 985 355";"7 313 448";"7 602 899";"7 444 376";"8 704 034";"7 926 030";"7 740 424";"8 118 204";"8 615 223";"7 839 568";"7 432 175";"7 494 264";"7 656 433";"7 606 785";"7 106 392";"7 147 996";"7 039 994";"7 048 942";"7 155 377";"7 402 350";"7 580 636";"7 486 341";"7 574 279";"7 723 855";"7 805 647";"8 027 946";"7 691 409";"7 649 714";"7 616 907";"8 449 861";"7 753 257"
"⁄hrady za zdravotnÌcke pomÙcky"
"  tis. EUR";"5 127,20";"6 321,28";"7 383,32";"9 951,90";"9 269,14";"10 869,22";"9 946,52";"10 084,88";"8 200,86";"9 119,40";"9 952,63";"9 568,01";"8 644,89";"8 909,88";"11 539,33";"12 492,60";"10 630,88";"9 658,47";"11 276,54";"13 018,56";"10 982,34";"11 027,35";"12 122,98";"11 698,60";"14 707,89";"11 991,37";"17 361,68";"15 093,21";"16 539,87";"15 558,95";"13 567,65";"31 553,54";"19 500,70";"16 107,45";"15 267,08";"22 030,57";"18 496,51";"18 619,13";"17 324,24";"17 286,07";"20 603,27";"19 995,95";"22 349,33";"26 334,99";"20 682,04";"21 596,13";"24 050,49";"25 466,18";"25 127,43";"25 384,49";"26 433,98";"29 152,79";"27 019";"28 659";"30 857";"32 804";"29 586";"29 807";"30 859";"34 080";"31 387";"30 971";"32 751";"33 455";"33 988";"32 328";"33 328";"35 043";"34 812";"35 071";"36 121";"37 574";"37 867";"39 363";"40 775";"41 724";"41 318";"42 905";"44 129";"45 546";"47 834";"46 823"
"  tis. Sk";"154 462";"190 435";"222 430";"299 811";"279 242";"327 446";"299 649";"303 817";"247 059";"274 731";"299 833";"288 246";"260 436";"268 419";"347 634";"376 352";"320 266";"290 971";"339 717";"392 197";"330 854";"332 210";"365 217";"352 432";"443 090";"361 252";"523 038";"454 698";"498 280";"468 729";"408 739";"950 582";"587 478";"485 253";"459 936";"663 693";"557 226";"560 920";"521 910";"520 760";"620 694";"602 398";"673 296";"793 368";"623 067";"650 605";"724 545";"767 194";"756 989";"764 733";"796 350";"878 257";"813 974";"863 381";"929 598";"988 253";"891 308";"897 966";"929 658";"1 026 694";"945 565";"933 032";"986 657";"1 007 865";"1 023 922";"973 913";"1 004 039";"1 055 705";"1 048 746";"1 056 549";"1 088 181";"1 131 954";"1 140 781";"1 185 850";"1 228 388";"1 256 977";"1 244 746";"1 292 556";"1 329 430";"1 372 119";"1 441 047";"1 410 590"
"⁄hrady za lÙûkov˙ starostlivosù (nemocnice)"
"  tis. EUR";"73 908,02";"68 278,50";"70 637,02";"79 971,29";"70 998,81";"66 890,69";"87 651,30";"91 964,25";"70 557,76";"81 734,48";"92 136,19";"111 378,48";"120 925,51";"157 230,90";"142 819,09";"152 117,41";"118 765,82";"132 184,43";"113 742,58";"129 960,86";"127 704,18";"116 550,06";"163 332,77";"142 816,01";"140 803,86";"151 180,48";"165 675,56";"173 285,20";"166 556,10";"163 135,27";"166 716,72";"194 867,09";"173 228,97";"184 913,80";"175 589,13";"173 212,74";"147 907,92";"190 882,29";"202 381,03";"213 160,29";"203 727,61";"186 679,18";"217 195,41";"219 814,71";"219 001,63";"248 264,39";"255 445,26";"245 445,16";"270 250,35";"266 359,09";"272 320,75";"287 323,77";"271 426";"300 730";"289 304";"305 409";"272 628";"312 977";"305 003";"302 540";"293 028";"300 358";"298 509";"304 695";"307 140";"315 823";"322 198";"355 046";"338 224";"337 832";"335 086";"354 196";"348 504";"406 249";"385 395";"397 783";"368 812";"415 882";"405 315";"419 541";"369 257";"414 684"
"  tis. Sk";"2 226 553";"2 056 958";"2 128 011";"2 409 215";"2 138 910";"2 015 149";"2 640 583";"2 770 515";"2 125 623";"2 462 333";"2 775 695";"3 355 388";"3 643 002";"4 736 738";"4 302 568";"4 582 689";"3 577 939";"3 982 188";"3 426 609";"3 915 201";"3 847 216";"3 511 187";"4 920 563";"4 302 475";"4 241 857";"4 554 463";"4 991 142";"5 220 390";"5 017 669";"4 914 613";"5 022 508";"5 870 566";"5 218 696";"5 570 713";"5 289 798";"5 218 207";"4 455 874";"5 750 520";"6 096 931";"6 421 667";"6 137 498";"5 623 897";"6 543 229";"6 622 138";"6 597 643";"7 479 213";"7 695 544";"7 394 281";"8 141 562";"8 024 334";"8 203 935";"8 655 916";"8 176 980";"9 059 792";"8 715 572";"9 200 752";"8 213 191";"9 428 745";"9 188 520";"9 114 320";"8 827 762";"9 048 585";"8 992 882";"9 179 242";"9 252 900";"9 514 484";"9 706 537";"10 696 116";"10 189 336";"10 177 527";"10 094 801";"10 670 509";"10 499 032";"12 238 657";"11 610 410";"11 983 611";"11 110 830";"12 528 861";"12 210 520";"12 639 092";"11 124 236";"12 492 770"
"⁄hrady za k˙peæn˙ starostlivosù"
"  tis. EUR";"2 307,41";"2 913,30";"3 303,23";"3 539,00";"2 247,33";"3 021,28";"3 493,69";"4 979,65";"1 035,22";"2 372,77";"3 826,56";"6 144,49";"965,68";"4 620,29";"3 826,03";"10 732,16";"3 191,83";"2 695,18";"3 573,06";"4 820,19";"2 446,26";"3 248,09";"3 895,17";"3 815,71";"2 457,01";"3 805,15";"4 576,41";"3 828,79";"2 363,87";"3 666,17";"4 098,62";"3 529,51";"2 089,23";"6 174,80";"9 294,46";"9 383,75";"461,50";"4 112,59";"5 687,51";"7 493,00";"1 304,55";"4 121,19";"5 583,95";"8 617,54";"2 273,12";"5 535,29";"8 625,07";"9 850,86";"5 272,39";"7 308,44";"10 925,91";"13 531,40";"5 709";"9 178";"13 182";"14 831";"5 934";"8 267";"12 917";"15 277";"7 401";"8 371";"12 979";"13 530";"6 589";"8 117";"12 298";"13 660";"6 334";"8 626";"13 564";"14 294";"7 833";"10 351";"13 074";"15 406";"7 403";"9 913";"14 515";"14 919";"7 880";"10 562"
"  tis. Sk";"69 513";"87 766";"99 513";"106 616";"67 703";"91 019";"105 251";"150 017";"31 187";"71 482";"115 279";"185 109";"29 092";"139 191";"115 263";"323 317";"96 157";"81 195";"107 642";"145 213";"73 696";"97 852";"117 346";"114 952";"74 020";"114 634";"137 869";"115 346";"71 214";"110 447";"123 475";"106 330";"62 940";"186 022";"280 005";"282 695";"13 903";"123 896";"171 342";"225 734";"39 301";"124 155";"168 222";"259 612";"68 480";"166 756";"259 839";"296 767";"158 836";"220 174";"329 154";"407 647";"171 989";"276 496";"397 121";"446 799";"178 768";"249 052";"389 138";"460 235";"222 963";"252 185";"391 005";"407 605";"198 500";"244 533";"370 490";"411 521";"190 818";"259 867";"408 629";"430 621";"235 977";"311 834";"393 867";"464 121";"223 023";"298 639";"437 279";"449 450";"237 393";"318 191"