Rok,Pois?ov?a,Po?etpoistencov,ZdrojevÄ,Poh?ad·vkyvÄ,Z·v‰zkycelkomvÄ,V˝sledokhospod·reniavÄ,Rok SUSR,Poistenci spolu,Zamestnanci,Samostatne z·robkovo ?innÈ osoby,Spolupracuj˙ce osoby,Nerezidenti,OstatnÌ platitelia poistnÈho,EvidovanÌ nezamestnanÌ poberaj˙ci podporu v nezamestnanosti,Poistenci za ktor˝ch poistnÈ hradÌ öt·t - spolu,Pzkphö - nezaopatrenÈ deti,Pzkphö - osoby poberaj˙ce dÙchodok,Pzkphö - osoby poberaj˙ce dÙchodok zo SP v SR,Pzkphö - osoby poberaj˙ce dÙchodok zo SP v ?R,Pzkphö - osoby zaradenÈ v evidencii uch·dza?ov o zamestnanie,Pzkphö - evidovanÌ nezamestnanÌ nepoberaj˙ci podporu v nezamestnanosti,Pzkphö - osoby staraj˙ce sa o die?ùa do 6r. (osobne celodenne),Pzkphö - osoby staraj˙ce sa o dieù?a do 5r. A invalidnÈ (osobne celodenne),Pzkphö - osoby staraj˙ce sa odie?ùa do 3r. a invalidnÈ (osobne celodenne),Pzkphö - osoby staraj˙ce sa o blÌzku invalidn˙ osobu (celodenne),Pzkphö - osoby bez dÙchodku z dÙvodu opatrovate?skej sluûby,Pzkphö - osoby poberaj˙ce pe?aûn˝ prÌspevok za opatrovanie,Pzkphö - osoby opatruj˙ce ob?ana so çZP,Pzkphö - osoby vykon·vaj˙ce osobn˙ asistenciu ob?anovi sço ZP,Pzkphö - osoby poberaj˙ce d·vku v hmotnej n˙dzi,Pzkphö - vojaci vykon·vaj˙ci sluûbu a osoby vykon·vaj˙ce civiln˙ sluûbu,Pzkphö - osoby vo v˝kone v‰zby alebo v˝kone trestu od?atia slobody,"Pzkphö - vekovo dÙchodcovia, bez n·roku na prÌjem dÙchodku","Pzkphö - invalidnÈ osoby, bez n·roku na invalidn˝ dÙchodok",Pzkphö - cudzinci a azylanti,Pzkphö - osoby v cirkevn˝ch a charitatÌvnych spolo?enstv·ch,Pzkphö - ostatnÌ,Poistenci bez platnej poistky,"Poistenci nad 60rokov, ktor˝m poistnÈ hradÌ öt·t",Rok Q,Poistenci spolu priemern˝ stav v ötvr?roku,Poistenci spolu stav ku koncu ötvr?roka,Zamestnanci priemern˝ stav v ötvr?roku,Zamestnanci stav ku koncu ötvr?roka,SZ?O priemern˝ stav v ötvr?roku,SZ?O stav ku koncu ötvr?roka,Spolupracuj˙ce osoby priemern˝ stav v ötvr?roku,Spolupracuj˙ce osoby stav ku koncu ötvr?roka,Nerezidenti,priemern˝ stav v ötvr?roku,stav ku koncu ötvr?roka,OstatnÌ platitelia poistnÈho,priemern˝ stav v ötvr?roku,stav ku koncu ötvr?roka,EvidovanÌ nezamestnanÌ poberaj˙ci podporu v nezamestnanosti priemern˝ stav v ötvr?roku,EvidovanÌ nezamestnanÌ poberaj˙ci podporu v nezamestnanosti stav ku koncu ötvr?roka,Poistenci za ktor˝ch poistnÈ hradÌ öt·t - spolu priemern˝ stav v ötvr?roku,Poistenci za ktor˝ch poistnÈ hradÌ öt·t - spolu stav ku koncu ötvr?roka,Pzkphö - nezaopatrenÈ deti priemern˝ stav v ötvr?roku,Pzkphö - nezaopatrenÈ deti stav ku koncu ötvr?roka,Pzkphö - osoby poberaj˙ce dÙchodok priemern˝ stav v ötvr?roku,Pzkphö - osoby poberaj˙ce dÙchodok stav ku koncu ötvr?roka,Pzkphö - osoby poberaj˙ce dÙchodok zo SP v SR priemern˝ stav v ötvr?roku,Pzkphö - osoby poberaj˙ce dÙchodok zo SP v SR stav ku koncu ötvr?roka,Pzkphö - osoby poberaj˙ce dÙchodok zo SP v ?R priemern˝ stav v ötvr?roku,Pzkphö - osoby poberaj˙ce dÙchodok zo SP v ?R stav ku koncu ötvr?roka,Pzkphö - osoby zaradenÈ v evidencii uch·dza?ov o zamestnanie priemern˝ stav v ötvr?roku,Pzkphö - osoby zaradenÈ v evidencii uch·dza?ov o zamestnanie stav ku koncu ötvr?roka,Pzkphö - evidovanÌ nezamestnanÌ nepoberaj˙ci podporu v nezamestnanosti priemern˝ stav v ötvr?roku,Pzkphö - evidovanÌ nezamestnanÌ nepoberaj˙ci podporu v nezamestnanosti stav ku koncu ötvr?roka,Pzkphö - osoby staraj˙ce sa o die?a do 6 r. (osobne celodenne) priemern˝ stav v ötvr?roku,Pzkphö - osoby staraj˙ce sa o die?a do 6 r. (osobne celodenne) stav ku koncu ötvr?roka,Pzkphö - osoby staraj˙ce sa o die?a do 5 r. a invalidnÈ (osobne celodenne) priemern˝ stav v ötvr?roku,Pzkphö - osoby staraj˙ce sa o die?a do 5 r. a invalidnÈ (osobne celodenne) stav ku koncu ötvr?roka,Pzkphö - osoby staraj˙ce sa o die?a do 3 r. a invalidnÈ (osobne celodenne) priemern˝ stav v ötvr?roku,Pzkphö - osoby staraj˙ce sa o die?a do 3 r. a invalidnÈ (osobne celodenne) stav ku koncu ötvr?roka,Pzkphö - osoby staraj˙ce sa o blÌzku invalidn˙ osobu (celodenne) priemern˝ stav v ötvr?roku,Pzkphö - osoby staraj˙ce sa o blÌzku invalidn˙ osobu (celodenne) stav ku koncu ötvr?roka,Pzkphö - osoby bez dÙchodku z dÙvodu opatrovate?skej sluûby priemern˝ stav v ötvr?roku,Pzkphö - osoby bez dÙchodku z dÙvodu opatrovate?skej sluûby stav ku koncu ötvr?roka,Pzkphö - osoby poberaj˙ce pe?aûn˝ prÌspevok za opatrovanie priemern˝ stav v ötvr?roku,Pzkphö - osoby poberaj˙ce pe?aûn˝ prÌspevok za opatrovanie stav ku koncu ötvr?roka,Pzkphö - osoby opatruj˙ce ob?ana s ?ZP priemern˝ stav v ötvr?roku,Pzkphö - osoby opatruj˙ce ob?ana s ?ZP stav ku koncu ötvr?roka,Pzkphö - priemern˝ stav v ötvr?roku,Pzkphö - priemern˝ stav v ötvr?roku stav ku koncu ötvr?roka,Pzkphö - osoby poberaj˙ce d·vku v hmotnej n˙dzi priemern˝ stav v ötvr?roku,Pzkphö - osoby poberaj˙ce d·vku v hmotnej n˙dzi stav ku koncu ötvr?roka,Pzkphö - vojaci vykon·vaj˙ci sluûbu a osoby vykon·vaj˙ce civiln˙ sluûbu priemern˝ stav v ötvr?roku,Pzkphö - vojaci vykon·vaj˙ci sluûbu a osoby vykon·vaj˙ce civiln˙ sluûbu stav ku koncu ötvr?roka,Pzkphö - priemern˝ stav v ötvr?roku,Pzkphö - osoby vo v˝kone v‰zby alebo v˝kone trestu od?atia slobody stav ku koncu ötvr?roka,"Pzkphö - vekovo dÙchodcovia, bez n·roku na prÌjem dÙchodku priemern˝ stav v ötvr?roku","Pzkphö - vekovo dÙchodcovia, bez n·roku na prÌjem dÙchodku stav ku koncu ötvr?roka","Pzkphö - invalidnÈ osoby, bez n·roku na invalidn˝ dÙchodok priemern˝ stav v ötvr?roku","Pzkphö - invalidnÈ osoby, bez n·roku na invalidn˝ dÙchodok stav ku koncu ötvr?roka",Pzkphö - cudzinci a azylanti priemern˝ stav v ötvr?roku,Pzkphö - cudzinci a azylanti stav ku koncu ötvr?roka,Pzkphö - osoby v cirkevn˝ch a charitatÌvnych spolo?enstv·ch priemern˝ stav v ötvr?roku,Pzkphö - osoby v cirkevn˝ch a charitatÌvnych spolo?enstv·ch stav ku koncu ötvr?roka,Pzkphö - ostatnÌ priemern˝ stav v ötvr?roku,Pzkphö - ostatnÌ stav ku koncu ötvr?roka,Poistenci bez platnej poistky priemern˝ stav v ötvr?roku,Poistenci bez platnej poistky stav ku koncu ötvr?roka,"Poistenci nad 60 rokov, ktor˝m poistnÈ hradÌ öt·t priemern˝ stav v ötvr?roku","Poistenci nad 60 rokov, ktor˝m poistnÈ hradÌ öt·t stav ku koncu ötvr?roka"
2006,DÙvera,350000,91431554,25781086,34004083,16917022,1995,5366864,1985356,109673,245,170,7200,87255,3176965,1696404,.,997608,70,.,259128,.,.,176440,9547,29,.,.,.,1418,31684,4480,77,.,13,73,.,.,756561,1995Q3,5366842,5371599,1963639,1972827,109133,109715,132,144,,124,152,,3069,4441,78466,82184,3212279,3202136,1686005,1687897,.,.,1029234,1021626,27,54,.,.,271656,268294,.,.,.,.,180322,179578,8593,8452,57,37,.,.,.,.,.,.,409,647,31100,30708,4823,4726,.,44,.,,6,8,47,66,.,.,.,.,758057,767790
2007,DÙvera,763423,174763294,58267410,51708723,15499734,1996,5382425,1921405,109822,1941,7011,36180,92687,3213379,1757918,978466,.,.,.,227990,.,.,175665,10790,.,.,.,.,24022,31226,3154,1389,.,34,132,2593,.,744421,1995Q4,5364791,5366864,1980641,1985356,109820,109673,212,245,,165,170,,5950,7200,83391,87255,3184611,3176965,1696504,1696404,.,.,1008622,997608,65,70,.,.,262490,259128,.,.,.,.,177533,176440,9553,9547,32,29,.,.,.,.,.,.,1082,1418,31618,31684,4566,4480,59,77,,.,11,13,66,73,.,.,.,.,756679,756561
2008,DÙvera,858999,113410808,67427704,7786795,16236473,1997,5637723,1931381,246599,.,805,37202,104701,3278130,1802509,992434,.,.,.,205314,.,.,165937,15234,.,.,.,.,53405,28715,3661,1127,.,42,151,9601,.,843114,1996Q1,5364893,5369297,1852885,1815201,213038,216137,473,548,,1611,1672,,13651,16520,89933,85171,3193302,3234012,1714680,1746356,990281,997000,.,.,.,.,.,.,263649,263274,.,.,.,.,177006,179199,9476,9686,.,.,.,.,.,.,.,.,2813,3585,30739,30230,4301,4232,176,213,.,.,17,14,117,124,47,99,.,.,747125,753326
2009,DÙvera,1358657,768542105,166886407,143833349,469045541,1998,5612731,1875694,220816,.,531,223519,127801,3131063,1570672,1033145,.,.,.,197073,.,207040,.,43836,.,.,.,.,23409,38835,8491,2273,.,540,3426,1323,33307,831775,1996Q2,5359744,5366644,1948795,1953206,105151,105295,731,827,,3147,3173,,19535,22611,69774,69291,3212611,3212241,1748011,1755078,982294,978177,.,.,.,.,.,.,253087,250350,.,,.,,177526,177136,9721,9781,86,104,.,.,.,.,.,.,4737,5381,31374,31249,3992,3878,200,236,.,.,15,18,52,69,516,785,.,.,759053,757817
2010,DÙvera,1400000,706982379,145215702,510790995,16237874,1999,5562640,1768483,231208,.,417,210941,146936,3194902,1575928,1078159,.,.,.,208185,.,217593,.,45421,.,.,.,.,17468,35953,9304,143,.,589,3767,2392,9753,-,1996Q3,5395826,5377246,1984952,1961503,105837,106972,1039,1131,,3252,3286,,28993,32198,80637,86542,3191116,3185614,1747436,1745701,967268,963234,.,.,.,.,.,.,241015,235818,.,.,.,.,176130,175922,10622,11082,.,.,.,.,.,.,.,.,11785,16548,31130,29883,3627,3621,573,1965,.,.,70,74,44,52,1416,1714,.,.,726069,745642
2011,DÙvera,1440000,719169507,164002853,494832044,39278385,2000,5545591,1819409,240605,.,481,204113,141976,3129681,1532598,1066180,.,.,.,210213,.,212000,.,44269,.,.,.,.,16532,31322,9561,132,.,578,3718,2578,9326,879809,1996Q4,5372365,5382425,1935409,1921405,110160,109822,1854,1941,,6907,7011,,34565,36180,81202,92687,3202268,3213379,1748348,1757918,976515,978466,.,.,.,.,.,.,230178,227990,.,.,.,.,175643,175665,10697,10790,.,.,.,.,.,.,.,.,23521,24022,31192,31226,3214,3154,820,1389,.,.,30,34,129,132,1981,2593,.,.,715201,744421
2012,DÙvera,1447049,713570000,146477000,435526000,47855810,2001,5515117,1797038,255499,.,601,245387,150752,3058676,1508897,1028500,.,.,.,327800,.,131202,.,13633,.,.,.,.,19522,19550,6056,484,.,149,704,2179,7164,879079,1997Q1,5639538,5648411,1995344,1965302,208231,202372,.,.,,1260,1159,,31075,30761,98498,94777,3290400,3339096,1774714,1799063,1025631,1041308,.,.,.,.,.,.,204420,209013,.,.,.,.,173077,175491,16001,16280,.,.,.,.,.,.,.,.,54142,55367,35513,35579,3144,3156,997,1078,.,.,42,46,150,152,2569,2563,14730,14944,812746,807021
2013,DÙvera,1437480,643876000,134771000,,46498193,2002,5465923,1794135,280814,.,777,214297,139148,3030362,.,.,.,.,.,.,,.,.,.,.,.,.,.,.,.,.,.,.,.,.,.,6390,825207,1997Q2,5742202,5675328,2018440,1987204,207621,203199,.,.,,1317,1352,,41475,49647,96681,94477,3355202,3315627,1815189,1798394,1037213,1028209,.,.,.,.,.,.,205521,202547,.,.,.,.,176995,175916,16313,16326,.,.,.,.,.,.,.,.,57288,57188,30982,29292,3191,3151,1159,1189,.,.,41,42,157,160,11153,3213,21466,23822,853046,843573
2014,DÙvera,1440908,590542918,160531451,279200503,2261902,2003,5436139,1782781,311478,.,24,251532,67205,3014868,1450011,1025113,.,.,.,356297,.,129765,.,18868,105,.,.,.,28342,9982,7009,319,.,117,968,951,8251,823390,1997Q3,5657980,5622464,1982312,1963004,205328,202859,.,.,,884,844,,42134,44387,99366,98212,3302479,3282159,1793436,1776096,1017338,1010396,.,.,.,.,.,.,204540,206443,.,.,.,.,174737,173515,16057,16080,.,.,.,.,.,.,.,.,54458,54396,31006,30208,3355,3413,1308,1324,.,.,44,45,164,163,6036,10080,25477,30999,831641,830160
2015,DÙvera,1440584,571215070,149419645,239108911,3510136,2004,5396613,1778595,328917,.,3,253905,.,3026162,1433840,1021794,.,.,.,383536,.,131939,.,21069,109,.,.,.,18347,5130,6772,480,.,109,1006,2031,9031,824079,1997Q4,5636803,5637723,1946854,1931381,240483,246599,.,.,,848,805,,37004,37202,103465,104701,3274767,3278130,1797303,1802509,993264,992434,.,.,.,.,.,.,205404,205314,.,.,.,.,165859,165937,15179,15234,.,.,.,.,.,.,.,.,53349,53405,29783,28715,3578,3661,1151,1127,.,.,43,42,154,151,9700,9601,33382,.,843174,843114
2016,DÙvera,1414764,,,,,2005,5331121,1804017,366390,.,1,126215,.,3029438,1406555,1049793,.,.,354397,.,.,24545,.,.,.,117950,26625,5379,20838,,3213,7919,455,173,2504,10570,5060,830953,1998Q1,5611159,5608079,1960809,1954039,223608,222351,.,.,,654,647,,56796,55827,114515,119404,3220311,3226210,1660619,1673843,1104905,1105641,.,.,.,.,.,.,170533,170363,.,.,.,.,182026,182074,17492,11296,.,.,.,.,.,.,.,.,28301,27941,29186,28937,4569,4664,963,934,.,.,224,225,2450,2478,19043,17814,34466,29601,831003,829041
2006,Union,,51903837,470657,789617,-21367125,2006,5310980,1788592,384023,.,0,141595,.,2991797,1369484,981383,.,.,334960,.,117062,.,.,.,.,3813,5565,68,21661,336,9285,3545,177,181,1006,143271,4973,863512,1998Q2,5619573,5606794,1911196,1903958,216178,217549,.,.,,683,674,,42049,39990,120764,121063,3291820,3284358,1684712,1679122,1099022,1100195,.,.,.,.,.,.,192945,192036,.,.,.,.,199918,198968,38378,38514,.,.,.,.,.,.,.,.,27111,26561,33316,32478,5708,5732,970,950,.,.,327,325,2974,2984,6439,6493,36883,39202,823945,823873
2007,Union,452855,104646584,30401414,19079765,-7711445,2007,5296631,1771981,386967,.,249,135604,.,2974311,1341861,1031629,.,.,280620,.,87336,.,.,.,.,7051,5222,285,45836,74,8315,3544,917,238,1029,160354,27519,872081,1998Q3,5614198,5604898,1886522,1888128,216735,217943,.,.,,554,532,,105168,104593,122479,123097,3243178,3234208,1667294,1658147,1067017,1066665,.,.,.,.,.,.,175645,176118,.,.,.,.,211600,211861,41216,41834,.,.,.,.,.,.,.,.,25576,25704,37548,36643,8075,8218,2950,2795,.,,527,540,3323,3398,2407,2285,39562,36397,831570,830901
2008,Union,337119,69647912,20552546,11559782,-10837117,2008,5285215,1775026,398766,.,322,121713,.,2957147,1308452,1039862,.,.,287832,.,77774,.,.,.,.,7716,5388,259,34088,17,7929,3579,2097,254,1049,180851,32241,884599,1998Q4,5614413,5612731,1884604,1875694,220596,220816,.,.,,530,531,,188897,223519,123705,127801,3160882,3131063,1585488,1570672,1043645,1033145,.,.,.,.,.,.,197965,197073,.,.,208924,207040,.,.,44154,43836,.,.,.,.,.,.,.,.,23959,23409,39530,38835,8535,8491,2338,2273,.,.,543,540,3447,3426,2354,1323,35199,33307,831012,831775
2009,Union,370869,61383381,24195019,15137461,-16513130,2009,5271277,1625633,397421,.,404,106581,.,3107877,1329694,1070636,.,.,415142,.,78254,.,.,.,.,8854,6553,340,40300,.,9102,3928,3443,932,1069,139630,33361,904538,1999Q1,5606580,5603542,1836937,1814097,223524,224425,.,.,,493,490,,121836,140682,147419,151892,3247145,3246594,1620551,1617939,1075436,1079550,.,.,.,.,.,.,210578,210922,.,.,218716,219319,.,.,46885,47402,.,.,.,.,.,.,.,.,22392,21518,36229,33493,9166,9291,658,639,.,.,577,586,3697,3750,2260,2185,29226,25362,856197,853307
2010,Union,366536,64316591,22425867,18684550,-2264534,2010,5260654,1588159,418974,.,0,108327,.,3107103,1309400,1078076,.,.,423866,.,75495,.,.,.,.,11038,4715,323,37715,.,8055,3785,3305,1009,1121,149200,38091,932951,1999Q2,5614444,5657946,1813153,1816328,229294,230768,.,.,,481,495,,133484,136066,150947,147583,3266832,3305802,1617710,1645167,1086826,1095888,.,.,.,.,.,.,218590,220891,.,.,222375,221907,.,.,48477,49060,.,.,.,.,.,.,.,.,19847,19480,36450,36697,9451,9557,623,614,.,.,594,604,3830,3882,2059,2055,20253,20904,850934,852532
2011,Union,386595,78293451,29282063,20102117,9000385,2011,5237830,1440926,350184,.,0,91822,.,3325296,1323799,1278985,.,.,452024,.,71860,.,.,.,.,14116,4027,388,40119,.,11656,2251,2272,1168,1447,121184,29602,1036224,1999Q3,5577015,5576768,1783171,1762383,225858,222788,.,.,,447,444,,215114,249232,142903,140477,3198564,3190210,1590944,1589065,1073462,1071057,.,.,.,.,.,.,202675,201497,.,.,216357,214481,.,.,44998,44971,.,.,.,.,.,.,.,.,18018,17673,36183,35558,9136,9135,533,526,.,.,580,581,3707,3717,1971,1949,10958,11234,814867,815510
2012,Union,409466,103317260,31138384,27385542,15984281,2012,5220972,1402806,328472,.,0,83275,.,3375005,1305391,1270345,.,.,464444,.,80213,.,.,.,.,25685,654,1893,89189,.,11612,2229,2336,1367,1469,118178,31414,1046837,1999Q4,5566533,5562640,1782328,1768483,231110,231208,.,.,,421,417,,209408,210941,142353,146936,3192111,3194902,1576810,1575928,1076165,1078159,.,.,.,.,.,.,207398,208185,.,.,217561,217593,.,.,45338,45421,.,.,.,.,.,.,.,.,17788,17468,34894,35953,9295,9304,144,143,.,.,587,589,3753,3767,2378,2392,8802,9753,-,-
2013,Union,440245,94355911,38982784,27363444,6605329,2013,5197524,1652143,325938,.,0,76706,.,3107722,1179771,1152599,.,.,382048,.,55312,.,.,.,.,30342,253,1692,180844,.,8050,2126,1571,1328,1150,110636,35015,1003388,2000Q1,5549432,5548157,1736887,1727294,230212,230958,.,.,,415,413,,218770,217728,155099,160113,3354278,3203823,1570559,1574120,1081589,1083126,.,.,.,.,.,.,368919,213224,.,.,217911,217746,.,.,45444,45443,.,.,.,.,.,.,.,.,17929,17722,35316,35908,9467,9450,143,140,.,.,589,590,3775,3778,2637,2576,8870,7828,835163,872638
2014,Union,432125,77262194,45799879,25086421,-8926459,2014,5182121,1685098,322398,.,0,73938,.,3065626,1184316,1170939,.,.,357874,.,56214,.,.,.,.,39444,253,1044,172573,.,8515,3259,1636,1522,1185,66852,35061,1025813,2000Q2,5549302,5549493,1740526,1744945,229996,232243,.,.,,417,420,,212288,213042,160453,158049,3357972,3192791,1568450,1566973,1082482,1080680,.,.,.,.,.,.,374681,213371,.,.,217607,217079,.,.,45371,45249,.,.,.,.,.,.,.,.,19049,19092,34036,34118,9605,9575,137,138,.,.,589,588,3779,3771,2186,2157,8103,8003,874271,875277
2015,Union,452640,103477049,47959882,37382552,-1776436,2015,5162040,1712439,323895,.,0,71922,.,3020066,1218183,1184147,.,.,338094,.,59577,.,.,.,.,31455,1974,1179,84489,.,7720,3709,1724,1685,1219,84911,33718,1043908,2000Q3,5549598,5550040,1769978,1792359,235291,235523,.,.,,423,428,,206066,205040,150776,147297,3329194,3160944,1559832,1546972,1081653,1074535,.,.,.,.,.,.,361396,212826,.,.,215480,214904,.,.,45122,44906,.,.,.,.,.,.,.,.,17107,18057,32073,32053,9569,9561,135,135,.,.,588,585,3776,3761,2463,2649,8646,8449,876485,877151
2016,Union,469349,,,,,,,,,,,,,,,,,,,,,,,,,,,,,,,,,,,,,,2000Q4,5547227,5545591,1822441,1819409,238387,240605,.,.,,481,481,,202581,204113,143942,141976,3274198,3129681,1532694,1532598,1066403,1066180,.,.,.,.,.,.,353990,210213,.,.,212989,212000,.,.,44370,44269,.,.,.,.,.,.,.,.,16601,16532,30534,31322,9651,9561,132,132,.,.,578,578,3724,3718,2532,2578,9139,9326,879411,879809
2006,VöZP,3403048,468553575,323586603,293723329,6695844,,,,,,,,,,,,,,,,,,,,,,,,,,,,,,,,,,2001Q1,5536925,5533543,1769660,1760161,241325,241785,.,.,,484,486,,250700,261767,153496,158929,3264017,3099778,1518328,1515376,1058055,1054637,.,.,.,.,.,.,375507,220037,.,.,206892,205020,.,.,43790,43610,.,.,.,.,.,.,.,.,17208,16936,27478,27538,9640,9628,465,463,.,.,573,578,3684,3669,2397,2286,10739,10637,879215,879298
2007,VöZP,2963301,427332105,296041824,297716624,-14270796,,,,,,,,,,,,,,,,,,,,,,,,,,,,,,,,,,2001Q2,5527371,5525329,1780889,1795271,243787,245248,.,.,,540,554,,252337,249556,155408,152490,3241052,3073854,1507570,1503116,1051588,1048449,.,.,.,.,.,.,373311,215768,.,.,203688,202478,.,.,43599,43454,.,.,.,.,.,.,.,.,16313,15856,28332,28244,9743,9707,464,465,.,.,568,578,3654,3642,2222,2097,8766,8356,878926,878985
2008,VöZP,2926336,466455288,367933413,338695047,30007,,,,,,,,,,,,,,,,,,,,,,,,,,,,,,,,,,2001Q3,5522556,5518357,1802201,1802016,248404,249478,.,.,,582,587,,248532,248890,150422,149674,3215790,3061206,1493596,1492834,1045657,1044650,.,.,.,.,.,.,370903,219183,.,.,201583,200754,.,.,43412,43359,.,.,.,.,.,.,.,.,16427,16387,27544,27376,9677,9713,474,480,.,.,564,563,3628,3628,2325,2279,7047,6506,878329,879317
2009,VöZP,2890000,626832498,438174406,311721549,-27770562,,,,,,,,,,,,,,,,,,,,,,,,,,,,,,,,,,2001Q4,5516742,5515117,1801993,1797038,229871,255499,.,.,,597,601,,272305,245387,150292,150752,3204927,3058676,1509105,1508897,1030839,1028500,.,.,.,.,.,.,471782,327800,.,.,131063,131202,.,.,13531,13633,.,.,.,.,.,.,.,.,19219,19522,19910,19550,5981,6056,480,484,.,.,147,149,680,704,2190,2179,7049,7164,878530,879079
2010,VöZP,3495026,480991433,391818504,219078394,-120230292,,,,,,,,,,,,,,,,,,,,,,,,,,,,,,,,,,2002Q1,5477643,5476348,1758054,1760940,258863,260479,.,.,,637,637,,231446,205520,167942,171364,3056471,3072840,.,.,.,.,.,.,.,.,.,.,.,.,.,.,.,.,.,.,.,.,.,.,.,.,.,.,.,.,.,.,.,.,.,.,.,.,.,.,.,.,.,.,.,.,4230,4568,828629,834161
2011,VöZP,3460140,538245056,382698280,230269036,5714505,,,,,,,,,,,,,,,,,,,,,,,,,,,,,,,,,,2002Q2,5471165,5471082,1775935,1787744,264995,267669,.,.,,692,703,,204106,202898,161678,157418,3058961,3049293,.,.,.,.,.,.,.,.,.,.,.,.,.,.,.,.,.,.,.,.,.,.,.,.,.,.,.,.,.,.,.,.,.,.,.,.,.,.,.,.,.,.,.,.,4798,5357,830852,828712
2012,VöZP,3372202,589807927,378391850,242374150,26344711,,,,,,,,,,,,,,,,,,,,,,,,,,,,,,,,,,2002Q3,5468067,5468794,1788559,1798938,278259,275641,.,.,,737,746,,209032,210509,151076,149017,3035120,3027986,.,.,.,.,.,.,.,.,.,.,.,.,.,.,.,.,.,.,.,.,.,.,.,.,.,.,.,.,.,.,.,.,.,.,.,.,.,.,.,.,.,.,.,.,5284,5957,828731,829346
2013,VöZP,3330979,619377459,356908967,240330183,15586211,,,,,,,,,,,,,,,,,,,,,,,,,,,,,,,,,,2002Q4,5467807,5465923,1800305,1794135,279414,280814,.,.,,762,777,,210683,214297,142555,139148,3028296,3030362,.,.,.,.,.,.,.,.,.,.,.,.,.,.,.,.,.,.,.,.,.,.,.,.,.,.,.,.,.,.,.,.,.,.,.,.,.,.,.,.,.,.,.,.,5792,6390,827034,825207
2014,VöZP,3318084,614214739,381658179,231797215,12084256,,,,,,,,,,,,,,,,,,,,,,,,,,,,,,,,,,2003Q1,5455987,5450295,1769618,1771853,285959,288587,.,.,,809,813,,222605,221995,135873,132198,3035465,3028714,1489691,1491428,1021113,1018418,.,.,.,.,.,.,336056,330303,.,.,129413,129630,.,.,16397,16651,121,122,.,.,.,.,.,.,20468,20429,12481,12060,6167,6337,398,402,.,.,124,116,875,889,2161,1929,5658,6135,822130,819023
2015,VöZP,3279421,628517174,360513170,272906631,17618524,,,,,,,,,,,,,,,,,,,,,,,,,,,,,,,,,,2003Q2,5447281,5445099,1785626,1794458,294838,296448,.,.,,61,47,,226430,226983,118085,112512,3015698,3007281,1487238,1479975,1020892,1021170,.,.,.,.,.,.,317640,315524,.,.,130262,130815,.,.,17250,17545,119,119,.,.,.,.,.,.,20686,20705,11843,11694,6558,6619,401,401,.,.,111,108,897,892,1801,1714,6543,7370,821034,822408
2016,VöZP,3264304,,,,,,,,,,,,,,,,,,,,,,,,,,,,,,,,,,,,,,2003Q3,5442692,5442469,1801729,1813151,304208,306626,.,.,,27,27,,238461,240431,84912,72099,3006842,3003125,1465574,1458242,1026560,1028852,.,.,.,.,.,.,322584,323135,.,.,131667,132222,.,.,18287,18666,118,118,.,.,.,.,.,.,21391,21375,11005,10815,6592,6719,398,398,.,.,111,113,918,930,1637,1540,6513,7010,825365,828444
,,,,,,,,,,,,,,,,,,,,,,,,,,,,,,,,,,,,,,,,2003Q4,5438718,5436139,1798978,1782781,309164,311478,.,.,,25,24,,244949,251532,69004,67205,3022817,3014868,1451606,1450011,1025329,1025113,.,.,.,.,.,.,348621,356297,.,.,129703,129765,.,.,18621,18868,106,105,.,.,.,.,.,.,28022,28342,11108,9982,7037,7009,315,319,.,.,116,117,959,968,1274,951,6825,8251,823310,823390
,,,,,,,,,,,,,,,,,,,,,,,,,,,,,,,,,,,,,,,,2004Q1,5431890,5420236,1767745,1770257,310237,311652,.,.,,19,19,,258114,257786,.,.,3077741,3072942,1456510,1457941,1024323,1022308,.,.,.,.,.,.,405225,401521,.,.,132429,132261,.,.,19203,19141,112,109,.,.,.,.,.,.,21598,20527,8276,9087,6808,6876,419,423,.,.,111,115,996,1004,1731,1629,7226,7580,823928,823569
,,,,,,,,,,,,,,,,,,,,,,,,,,,,,,,,,,,,,,,,2004Q2,5426095,5424795,1786008,1792230,316420,319912,.,.,,18,18,,257442,257575,.,.,3058407,3046991,1456063,1453899,1021502,1021629,.,.,.,.,.,.,392695,383664,.,.,132096,132113,.,.,19266,19313,110,110,.,.,.,.,.,.,19558,19165,7050,7079,6911,6961,425,424,.,.,112,110,997,981,1622,1543,7797,8069,831989,832949
,,,,,,,,,,,,,,,,,,,,,,,,,,,,,,,,,,,,,,,,2004Q3,5412728,5407548,1788321,1794954,323744,325825,.,.,,3,3,,257332,254829,.,.,3034724,3023099,1443397,1438171,1023509,1021331,.,.,.,.,.,.,380359,377570,.,.,132058,131367,.,.,19685,19840,109,109,.,.,.,.,.,.,18636,18339,6552,6033,6944,6957,444,458,.,.,109,107,986,977,1936,1840,8604,8838,827962,825643
,,,,,,,,,,,,,,,,,,,,,,,,,,,,,,,,,,,,,,,,2004Q4,5398409,5396613,1786683,1778595,328304,328917,.,.,,3,3,,253297,253905,.,.,3021308,3026162,1433748,1433840,1022330,1021794,.,.,.,.,.,.,378627,383536,.,.,131598,131939,.,.,20645,21069,109,109,.,.,.,.,.,.,18376,18347,5546,5130,6799,6772,476,480,.,.,109,109,992,1006,1953,2031,8734,9031,824641,824079
,,,,,,,,,,,,,,,,,,,,,,,,,,,,,,,,,,,,,,,,2005Q1,5382944,5380356,1740446,1737756,340782,343294,.,.,,1,1,,92129,88605,.,.,3206397,3207158,1434031,1435019,1019505,1016597,.,.,.,.,383691,376880,159950,168697,.,.,121024,120877,.,.,20220,20429,6047,5971,.,.,.,.,.,.,12530,12413,4545,3733,5756,5708,406,402,.,.,136,136,20331,20641,37411,39152,3189,3542,833368,824217
,,,,,,,,,,,,,,,,,,,,,,,,,,,,,,,,,,,,,,,,2005Q2,5352192,5346515,1737469,1742044,359319,362846,.,.,,0,0,,63919,62164,.,.,3186169,3174393,1429665,1426244,1012256,1008950,.,.,.,.,356181,347371,178293,183411,.,.,119982,120438,.,.,20544,20680,5803,5711,.,.,.,.,.,.,12130,11869,3792,2515,5732,5708,407,405,.,.,131,128,3115,998,23336,22558,5316,5068,823376,822859
,,,,,,,,,,,,,,,,,,,,,,,,,,,,,,,,,,,,,,,,2005Q3,5336232,5317964,1752514,1778717,367028,363330,.,.,,0,0,,78813,119929,.,.,3131095,3045907,1427069,1412078,1021557,1013846,.,.,.,.,323363,298696,156253,38394,.,.,134459,133839,.,.,23350,23145,99,73,.,.,.,.,.,.,17383,17437,1351,1162,6714,6598,492,535,.,.,113,108,1034,1030,17677,73243,6782,10081,819272,828797
,,,,,,,,,,,,,,,,,,,,,,,,,,,,,,,,,,,,,,,,2005Q4,5331294,5331121,1814180,1804017,365473,366390,.,.,,1,1,,121808,126215,.,.,3023990,3029438,1404953,1406555,1048822,1049793,.,.,.,.,351772,354397,24792,24545,.,.,118339,117950,.,.,26428,26625,5419,5379,.,.,.,.,.,.,20713,20838,3375,3213,7509,7919,456,455,.,.,171,173,1987,2504,10220,10570,5842,5060,829300,830953
,,,,,,,,,,,,,,,,,,,,,,,,,,,,,,,,,,,,,,,,2006Q1,5324773,5325198,1779751,1784835,365489,367187,.,.,,0,0,,125756,124777,.,.,3048130,3043178,1419606,1417850,1050659,1048586,.,.,.,.,359672,358554,,.,132273,131111,.,.,.,.,.,.,.,.,23181,23385,5345,5357,34,35,27305,27198,2182,2065,8467,8872,554,549,6,7,141,143,1066,1071,17639,18395,5647,5221,834761,835583
,,,,,,,,,,,,,,,,,,,,,,,,,,,,,,,,,,,,,,,,2006Q2,5319559,5317549,1785243,1789173,371836,375604,.,.,,0,0,,128387,130733,.,.,3028553,3016642,1383667,1367723,973773,968396,.,.,.,.,346903,352162,.,.,121466,122496,.,.,.,.,.,.,.,.,2762,2896,5414,5414,38,40,20253,22154,345,412,7841,9700,3403,3428,66,72,158,166,1006,1015,161457,160565,5540,5397,835662,836488
,,,,,,,,,,,,,,,,,,,,,,,,,,,,,,,,,,,,,,,,2006Q3,5314991,5315040,1793725,1799915,373912,375643,.,.,,0,0,,135342,138160,.,.,3006257,2995076,1378168,1374239,973316,980520,.,.,.,.,339410,347479,.,.,120424,120942,.,.,.,.,.,.,.,.,2977,3314,5463,5455,71,71,19600,21841,322,390,7744,9701,3469,3580,129,148,147,163,1005,998,154015,126235,5755,6246,838426,839117
,,,,,,,,,,,,,,,,,,,,,,,,,,,,,,,,,,,,,,,,2006Q4,5309475,5310980,1788192,1788592,384147,384023,.,.,,0,0,,141576,141595,.,.,2990107,2991797,1366433,1369484,983734,981383,.,.,.,.,333531,334960,.,.,117820,117062,.,.,.,.,.,.,.,.,3719,3813,5571,5565,71,68,21727,21661,343,336,9454,9285,3539,3545,171,177,177,181,1007,1006,142811,143271,5453,4973,863791,863512
,,,,,,,,,,,,,,,,,,,,,,,,,,,,,,,,,,,,,,,,2007Q1,5307823,5312636,1757807,1764437,374633,376479,.,.,,0,0,,141701,141041,.,.,3012556,3008704,1334117,1335789,981211,980306,.,.,.,.,305652,301250,.,.,99811,99354,.,.,.,.,.,.,.,.,3670,3745,7914,7904,212,217,52406,52393,304,295,8132,8168,3603,3586,402,410,217,214,913,992,213992,214081,21125,21975,857054,858228
,,,,,,,,,,,,,,,,,,,,,,,,,,,,,,,,,,,,,,,,2007Q2,5302635,5308784,1770752,1776151,377985,379990,.,.,,0,0,,135955,130811,.,.,2998788,3001874,1343715,1342578,1014892,1033594,.,.,.,.,284027,284929,.,.,95633,95159,.,.,.,.,.,.,.,.,4458,4541,7117,7066,272,271,47054,47804,252,246,8313,8318,3567,3592,638,757,243,246,997,995,187610,171778,19155,19958,867942,869934
,,,,,,,,,,,,,,,,,,,,,,,,,,,,,,,,,,,,,,,,2007Q3,5291480,5302091,1761982,1771955,383843,383630,.,.,,248,247,,133617,135804,.,.,2983581,2979446,1341923,1339660,1036583,1035965,.,.,.,.,282266,283894,.,.,92387,91038,.,.,.,.,.,.,.,.,4820,4899,6987,6982,278,281,45268,46634,223,212,8836,8658,3596,3607,790,794,259,259,1007,997,158357,155566,28209,31009,868608,869138
,,,,,,,,,,,,,,,,,,,,,,,,,,,,,,,,,,,,,,,,2007Q4,5291392,5296631,1772767,1771981,386318,386967,.,.,,247,249,,135510,135604,.,.,2969112,2974311,1336066,1341861,1032833,1031629,.,.,.,.,277709,280620,.,.,87205,87336,.,.,.,.,.,.,.,.,7004,7051,5234,5222,284,285,44326,45836,72,74,8636,8315,3506,3544,915,917,236,238,1018,1029,164069,160354,27438,27519,871169,872081
,,,,,,,,,,,,,,,,,,,,,,,,,,,,,,,,,,,,,,,,2008Q1,5289048,5295638,1775325,1779355,381036,383780,.,.,,257,263,,135048,133285,.,.,2976324,2975455,1313240,1319677,1035193,1034411,.,.,.,.,280595,277161,.,.,83595,83475,.,.,.,.,.,.,.,.,6992,6987,5453,5450,259,262,34576,35552,22,22,8404,8255,3541,3557,1449,1445,227,231,1017,1017,201763,197953,21056,23500,880358,881883
,,,,,,,,,,,,,,,,,,,,,,,,,,,,,,,,,,,,,,,,2008Q2,5281394,5288836,1779381,1785945,386665,388884,.,.,,272,273,,126123,123814,.,.,2964573,2962537,1317326,1316274,1035218,1034035,.,.,.,.,270460,272897,.,.,82168,82571,.,.,.,.,.,.,.,.,7204,7213,5428,5381,261,262,33792,35029,23,22,8936,8398,3541,3569,1609,1568,225,226,1019,1023,197363,123851,24380,27383,879773,879478
,,,,,,,,,,,,,,,,,,,,,,,,,,,,,,,,,,,,,,,,2008Q3,5271288,5283388,1780565,1787406,388000,391165,.,.,,304,320,,122753,122032,.,.,2952179,2951571,1305244,1304623,1037409,1036803,.,.,.,.,270839,274463,.,.,80555,79470,.,.,.,.,.,.,.,.,7380,7423,5440,5414,257,258,32917,34228,20,20,8585,8190,3561,3579,1692,1691,225,231,1037,1023,197018,123872,27486,30894,883514,882468
,,,,,,,,,,,,,,,,,,,,,,,,,,,,,,,,,,,,,,,,2008Q4,5276498,5285215,1782307,1775026,399220,398766,.,.,,324,322,,121562,121713,.,.,2944761,2957147,1301999,1308452,1039293,1039862,.,.,.,.,279412,287832,.,.,77439,77774,.,.,.,.,.,.,.,.,7692,7716,5393,5388,257,259,32652,34088,17,17,8402,7929,3566,3579,2086,2097,244,254,1046,1049,185263,180851,28325,32241,828674,884599
,,,,,,,,,,,,,,,,,,,,,,,,,,,,,,,,,,,,,,,,2009Q1,5270765,5279718,1733790,1713875,395224,395952,.,.,,338,353,,115893,112743,.,.,2987982,3014939,1328472,1339051,1052524,1054176,.,.,.,.,316331,332674,.,.,75838,74758,.,.,.,.,.,.,.,.,8043,8060,5689,5677,265,271,35691,37136,12,12,8602,8405,3698,3742,2066,2084,264,270,1034,1033,149455,147590,37537,41856,906891,910996
,,,,,,,,,,,,,,,,,,,,,,,,,,,,,,,,,,,,,,,,2009Q2,5262053,5270844,1684044,1679871,394589,395033,.,.,,362,361,,111021,111001,.,.,3035758,3045738,1340372,1341819,1066018,1066247,.,.,.,.,360237,376352,.,.,73521,73895,.,.,.,.,.,.,.,.,8395,8446,5704,5699,283,292,35486,36852,8,8,8853,8869,3695,3724,2537,2591,245,246,1035,1046,129368,119652,36279,38840,914483,916202
,,,,,,,,,,,,,,,,,,,,,,,,,,,,,,,,,,,,,,,,2009Q3,5260191,5271659,1666134,1671968,397054,399453,.,.,,376,387,,111365,109859,.,.,3048565,3049409,1327418,1323867,1073969,1070965,.,.,.,.,383138,389591,.,.,72142,71219,.,.,.,.,.,.,.,.,8870,8871,5804,5781,303,303,35467,36747,8,8,8876,8875,3722,3744,2664,2667,240,238,1055,1049,124890,125484,36697,40583,921769,921735
,,,,,,,,,,,,,,,,,,,,,,,,,,,,,,,,,,,,,,,,2009Q4,5261654,5271277,1628018,1625633,398446,397421,.,.,,397,404,,107606,106581,.,.,3096606,3107877,1325102,1329694,1071554,1070636,.,.,.,.,404444,415142,.,.,78003,78254,.,.,.,.,.,.,.,.,8779,8854,6574,6553,336,340,38979,40300,0,.,8910,9102,3900,3928,3430,3443,920,932,1065,1069,144611,139630,30581,33361,902820,904538
,,,,,,,,,,,,,,,,,,,,,,,,,,,,,,,,,,,,,,,,2010Q1,5258161,5267533,1572649,1577928,413144,414258,.,.,,0,0,,114954,111323,.,.,3113952,3117931,1321725,1328022,1065239,1064304,.,.,.,.,421911,422751,.,.,79759,79613,.,.,.,.,.,.,.,.,9477,9535,5217,5181,280,283,37380,38545,.,.,9492,9987,3860,3877,3315,3314,945,956,1087,1083,154265,150480,43462,46093,916671,918685
,,,,,,,,,,,,,,,,,,,,,,,,,,,,,,,,,,,,,,,,2010Q2,5256618,5268388,1578922,1591150,417212,418488,.,.,,0,0,,109220,108865,.,.,3108251,3102943,1323161,1319414,1069527,1069212,.,.,.,.,412906,414460,.,.,78620,78709,.,.,.,.,.,.,.,.,10169,10169,5102,5063,302,304,37152,38459,.,.,10075,10227,3883,3921,3557,3550,957,949,1078,1091,151762,147415,43013,46942,920500,922913
,,,,,,,,,,,,,,,,,,,,,,,,,,,,,,,,,,,,,,,,2010Q3,5252852,5265967,1589140,1604508,419382,420375,.,.,,0,1,,109400,107329,.,.,3088452,3082967,1309032,1305361,1073957,1071320,.,.,.,.,413672,416140,.,.,77672,76628,.,.,.,.,.,.,.,.,10622,10544,4937,4893,314,315,37262,38504,.,.,8841,8442,3902,3919,3501,3502,950,1001,1107,1112,142683,141286,46478,50787,927447,927888
,,,,,,,,,,,,,,,,,,,,,,,,,,,,,,,,,,,,,,,,2010Q4,5252555,5260654,1594785,1588159,420095,418974,.,.,,0,0,,109782,108327,.,.,3093390,3107103,1302272,1309400,1079572,1078076,.,.,.,.,415550,423866,.,.,75133,75495,.,.,.,.,.,.,.,.,11072,11038,4745,4715,320,323,36444,37715,.,.,7783,8055,3762,3785,3284,3305,1003,1009,1119,1121,151331,149200,34503,38091,931506,932951
,,,,,,,,,,,,,,,,,,,,,,,,,,,,,,,,,,,,,,,,2011Q1,5242656,5255130,1439723,1453135,372586,372116,.,.,,0,0,,110442,103093,.,,3295373,3298238,1332786,1339008,1230042,1227781,.,.,.,.,430180,432756,.,.,73823,73752,.,.,.,.,.,.,.,.,12427,12383,4699,4670,352,364,41303,42611,.,.,11324,11874,3990,4013,3907,3920,1060,1067,1417,1421,148063,142618,24532,28548,1004081,1006333
,,,,,,,,,,,,,,,,,,,,,,,,,,,,,,,,,,,,,,,,2011Q2,5235861,5244388,1451797,1467951,362708,358356,.,.,,0,0,,99937,97133,.,,3293073,3288667,1331469,1328707,1238251,1236851,.,.,.,.,432626,434151,.,.,73670,73586,.,.,.,.,.,.,.,.,13030,13093,4608,4579,369,376,40002,40735,,.,11530,11848,3976,3987,3837,3830,1070,1067,1432,1439,137203,134418,28346,32281,1012996,1014051
,,,,,,,,,,,,,,,,,,,,,,,,,,,,,,,,,,,,,,,,2011Q3,5230355,5242968,1459217,1456230,357418,356578,.,.,,0,0,,96291,93986,.,.,3286308,3300869,1321506,1320549,1257580,1275974,.,.,.,.,430616,436452,.,.,72635,71583,.,.,.,.,.,.,.,.,13416,13512,4141,4104,372,385,38544,40046,.,.,11468,11847,3267,2118,3115,2244,1071,1139,1431,1433,127146,119483,31121,35305,1026129,1030624
,,,,,,,,,,,,,,,,,,,,,,,,,,,,,,,,,,,,,,,,2011Q4,5229215,5237830,1448661,1440926,353716,350184,.,.,,0,0,,94251,91822,.,.,3307228,3325296,1316297,1323799,1278856,1278985,.,.,.,.,441186,452024,.,.,71645,71860,.,.,.,.,.,.,.,.,14096,14116,4058,4027,386,388,38544,40119,.,.,11495,11656,2159,2251,2251,2272,1163,1168,1446,1447,123646,121184,25359,29602,1033690,1036224
,,,,,,,,,,,,,,,,,,,,,,,,,,,,,,,,,,,,,,,,2012Q1,5222952,5233017,1432865,1435419,344659,343657,.,",",,0,0,,89578,86146,.,",",3332476,3340094,1318052,1325886,1275253,1275968,.,.,.,.,456670,456563,.,.,70587,70941,.,.,.,.,.,.,.,.,14634,14613,4128,4066,409,418,41494,42891,.,.,11161,11750,2042,2104,2415,2429,1179,1190,1445,1448,133007,129827,23374,27701,1036713,1040427
,,,,,,,,,,,,,,,,,,,,,,,,,,,,,,,,,,,,,,,,2012Q2,5215760,5225168,1426117,1427438,343721,344160,.,.,,0,0,,89771,86449,.,.,3330756,3335406,1319190,1316490,1260962,1260517,.,.,.,.,402777,412416,.,.,84237,84457,.,.,.,.,.,.,.,.,24799,24731,798,817,2157,1999,93505,94311,.,.,11481,11857,1983,2042,2237,2255,1247,1241,1441,1448,123942,120825,25395,31715,1031630,1034311
,,,,,,,,,,,,,,,,,,,,,,,,,,,,,,,,,,,,,,,,2012Q3,5205992,5222320,1422940,1427635,342316,341123,.,.,,0,0,,87210,85180,.,.,3326316,3336849,1300831,1300766,1269056,1273071,.,.,.,.,422794,433285,.,.,82222,81302,.,.,.,.,.,.,.,.,24904,24796,823,834,1965,1921,89978,90683,.,.,11459,11784,2061,2140,2308,2369,1256,1350,1448,1458,115211,111090,27210,31533,1037958,1041541
,,,,,,,,,,,,,,,,,,,,,,,,,,,,,,,,,,,,,,,,2012Q4,5209786,5220972,1406710,1402806,333544,328472,.,.,,0,0,,84847,83275,.,.,3357967,3375005,1281398,1305391,1270369,1270345,.,.,.,.,443962,464444,.,.,82952,80213,.,.,.,.,.,.,.,.,26085,25685,636,654,2173,1893,107699,89189,.,.,11384,11612,2144,2229,2364,2336,1358,1367,1469,1469,123974,118178,26718,31414,1043490,1046837
,,,,,,,,,,,,,,,,,,,,,,,,,,,,,,,,,,,,,,,,2013Q1,5198640,5212312,1624091,1649086,332139,333326,.,.,,0,0,,76627,72139,.,,3132661,3121589,1231864,1237217,1135381,1135078,.,.,.,.,409864,409602,.,.,51078,51050,.,.,.,.,.,.,.,.,25592,25513,433,433,1628,1666,112952,115553,.,.,6333,6435,2109,2145,1589,1577,1255,1253,1182,1178,151419,132889,33122,36172,987443,987887
,,,,,,,,,,,,,,,,,,,,,,,,,,,,,,,,,,,,,,,,2013Q2,5194312,5207711,1633949,1643527,339988,343930,.,.,,0,0,,71863,71509,.,.,3116776,3113264,1191178,1186265,1140960,1143108,.,.,.,.,389542,397931,.,.,54579,55082,.,.,.,.,.,.,.,.,28081,27989,285,292,2169,2180,177978,179916,.,.,7678,7977,2111,2121,1557,1525,1245,1230,1185,1180,118228,106468,31736,35481,989881,991088
,,,,,,,,,,,,,,,,,,,,,,,,,,,,,,,,,,,,,,,,2013Q3,5181703,5199644,1641105,1650427,336838,337637,.,.,,0,0,,79859,77821,.,.,3099713,3104323,1158012,1175767,1148661,1149021,.,.,.,.,370340,385228,.,.,55545,55554,.,.,.,.,.,.,.,.,29401,29364,239,259,2118,1704,205816,178920,.,.,7764,8064,2032,2083,1542,1528,1235,1308,1193,1171,115815,114352,24188,29436,997824,998667
,,,,,,,,,,,,,,,,,,,,,,,,,,,,,,,,,,,,,,,,2013Q4,5182221,5197524,1648098,1652143,331429,325938,.,.,,0,0,,77908,76706,.,.,3096041,3107722,1164021,1179771,1151501,1152599,.,.,.,.,367506,382048,",",.,54941,55312,.,.,.,.,.,.,.,.,30403,30342,253,253,1838,1692,193796,180844,.,.,7596,8050,2018,2126,1562,1571,1320,1328,1158,1150,118128,110636,28745,35015,1001870,1003388
,,,,,,,,,,,,,,,,,,,,,,,,,,,,,,,,,,,,,,,,2014Q1,5172805,5193351,1632203,1666487,319410,322969,.,.,,0,0,,79729,74966,.,.,3120186,3103366,1173355,1181539,1160940,1153535,.,.,.,.,370809,372971,.,.,56196,56121,.,.,.,.,.,.,.,.,31437,31166,253,252,1664,1521,192353,177443,.,.,7755,8271,2012,2096,1536,1512,1353,1372,1163,1159,119360,114408,21277,25563,1013353,1007767
,,,,,,,,,,,,,,,,,,,,,,,,,,,,,,,,,,,,,,,,2014Q2,5168943,5189549,1662673,1682447,323319,326934,.,.,,0,0,,77419,74318,.,.,3084756,3079387,1170619,1174627,1163921,1163600,.,.,.,.,352070,364137,.,.,56220,56501,.,.,.,.,.,.,.,.,33989,33801,237,235,2116,1950,194226,178938,.,.,7829,8158,2141,2199,1567,1537,1368,1371,1156,1157,97297,91176,20776,26463,1013218,1016746
,,,,,,,,,,,,,,,,,,,,,,,,,,,,,,,,,,,,,,,,2014Q3,5160212,5182275,1671845,1684586,325511,328418,.,.,,0,0,,75287,72723,.,.,3060784,3063375,1157948,1171201,1170237,1169605,.,.,.,.,348583,356854,.,.,56605,55806,.,.,.,.,.,.,.,.,40097,39165,255,254,2035,1697,202193,186057,.,.,7780,8109,2154,2175,1614,1595,1381,1427,1177,1166,68725,68264,26785,33173,1022383,1021367
,,,,,,,,,,,,,,,,,,,,,,,,,,,,,,,,,,,,,,,,2014Q4,5161709,5182121,1677532,1685098,323335,322398,.,.,,0,0,,76253,73938,.,.,3056965,3065626,1165105,1184316,1168903,1170939,.,.,.,.,342375,357874,.,.,55806,56214,.,.,.,.,.,.,.,.,40709,39444,237,253,1744,1044,190425,172573,.,.,7893,8515,3188,3259,1655,1636,1462,1522,1188,1185,76275,66852,27624,35061,1024495,1025813
,,,,,,,,,,,,,,,,,,,,,,,,,,,,,,,,,,,,,,,,2015Q1,5152556,5171850,1652143,1675884,315398,319531,.,.,,0,0,,81947,76344,.,.,3083884,3076544,1163992,1177551,1168770,1168098,.,.,.,.,340833,341304,.,.,56693,56724,.,.,.,.,.,.,.,.,40560,39602,237,238,2245,2000,197405,185455,.,.,7760,8161,3402,3429,1694,1661,1641,1632,1189,1184,97463,89505,19184,23547,1030119,1029146
,,,,,,,,,,,,,,,,,,,,,,,,,,,,,,,,,,,,,,,,2015Q2,5151872,5170136,1690424,1709375,320940,324963,.,.,,0,0,,75223,71755,.,.,3042648,3036820,1159066,1164345,1169547,1171202,.,.,.,.,316341,327254,.,.,56913,57094,.,.,.,.,.,.,.,.,40241,39418,222,221,2817,2552,197302,184018,.,.,7652,8164,3636,3715,1697,1646,1570,1562,1190,1208,84454,74421,22637,27223,1030258,1031445
,,,,,,,,,,,,,,,,,,,,,,,,,,,,,,,,,,,,,,,,2015Q3,5138399,5161008,1705250,1717144,325087,328384,.,.,,0,0,,76241,72683,.,.,3008375,3014389,1139952,1152751,1171328,1170592,.,.,.,.,312484,321373,.,.,57089,56222,.,.,.,.,.,.,.,.,39693,38716,213,213,2747,2536,187239,175642,.,.,7450,7868,3551,3601,1717,1680,1748,1812,1225,1230,81939,80153,23446,28408,1031830,1031047
,,,,,,,,,,,,,,,,,,,,,,,,,,,,,,,,,,,,,,,,2015Q4,5141869,5162040,1704170,1712439,324236,323895,.,.,,0,0,,74113,71922,.,.,3011863,3020066,1201313,1218183,1184560,1184147,.,.,.,.,329243,338094,.,.,59401,59577,.,.,.,.,.,.,.,.,32149,31455,1983,1974,1370,1179,93221,84489,.,.,7026,7720,3663,3709,1764,1724,1753,1685,1237,1219,93180,84911,27487,33718,1044279,1043908
,,,,,,,,,,,,,,,,,,,,,,,,,,,,,,,,,,,,,,,,2016Q1,5137452,5156603,1698778,1724123,311796,316929,.,.,,0,0,,78690,73327,.,.,3028743,3017966,1205066,1218391,1185478,1182392,.,.,.,.,323790,324435,.,.,58768,58579,.,.,.,.,.,.,.,.,31875,31013,1912,1890,1433,1231,89764,80414,.,.,7122,7586,6826,8565,1900,1925,1748,1806,1209,1201,111852,98538,19445,24258,1051606,1048307
,,,,,,,,,,,,,,,,,,,,,,,,,,,,,,,,,,,,,,,,2016Q2,5123571,5147939,1708984,1739028,319048,323292,.,.,,0,0,,78675,74881,.,.,2998959,2986745,1205515,1208990,1178412,1176893,.,.,.,.,299604,304746,.,.,59419,59397,.,.,.,.,.,.,.,.,31669,30922,1810,1799,1506,1326,86345,78786,.,.,7186,7555,15540,15509,2530,2499,1837,1868,1193,1176,106393,95279,17905,23993,1052291,1050077
